Youtube link,Product,Crop,Region,Language,Product Code,Month
https://www.youtube.com/watch?v=E8wmNJGXZNc,Shriram Super 7711,Paddy,Bihar,Hindi,7711006RP,9
https://www.youtube.com/watch?v=iLvpbyJnVFA,Shriram Super 4466,Paddy,Bihar,Hindi,4466005RP,9
https://www.youtube.com/watch?v=-x9rL0gnHUk,Shriram Super 7711,Paddy,Uttar Pradesh,Hindi,7711006RP,9
https://www.youtube.com/watch?v=Am7KevrIa8Y,Shriram 7211-2 BG II,Cotton,Maharashtra,Marathi,#N/A,#N/A
https://www.youtube.com/watch?v=bv6UyH020ZM,Shriram 7211-2 BG II,Cotton,Madhya Pradesh,Marathi,#N/A,#N/A
https://www.youtube.com/watch?v=uJJ32v2r8XU,Shriram 412,Cotton,Maharashtra,Kannada,412X028HY,9
https://www.youtube.com/watch?v=ZyyHULl_8p4,Shriram 412,Cotton,Maharashtra,Hindi,412X028HY,9
https://www.youtube.com/watch?v=ievjAG5GltA,Shriram 611,Cotton,Madhya Pradesh,Telugu,#N/A,#N/A
https://www.youtube.com/watch?v=unNCko8OzJ0,Shriram 611,Cotton,Madhya Pradesh,Kannada,#N/A,#N/A
https://www.youtube.com/watch?v=JckLC3PnVkk,Shriram 412,Cotton,Maharashtra,Marathi,412X028HY,9
https://www.youtube.com/watch?v=qDEobEcRp_w,Shriram 412,Cotton,Gujarat,Gujarati,412X028HY,9
https://www.youtube.com/watch?v=8POpMnXPKU0,Shriram 412,Cotton,Gujarat,Gujarati,412X028HY,9
https://www.youtube.com/watch?v=ZBFGNarcw5A,Shriram Dripit Vegetables - Grade I,Capsicum,Rajasthan,Hindi,DRV1010PN,9
https://www.youtube.com/watch?v=i7x6kgbcNKo,Shriram Dripit Vegetables - Grade I,Cucumber,Rajasthan,Hindi,DRV1010PN,9
https://www.youtube.com/watch?v=26kjsn6HUCc&t=1s,Shriram Super 3-SR-72,Wheat,Uttar Pradesh,Hindi,SR72008RW,9
https://www.youtube.com/watch?v=Rc20flENJIk&pp=0gcJCX4JAYcqIYzv,Shriram Super 3-SR-72,Wheat,Rajasthan,Hindi,SR72008RW,9
https://www.youtube.com/watch?v=v1zM21QRF1M&pp=0gcJCX4JAYcqIYzv,Shriram Saloni,Pea,Rajasthan,Hindi,SALO046VS,9
https://www.youtube.com/watch?v=7buKWdzBAZE,Shriram Saloni,Pea,Rajasthan,Hindi,SALO046VS,9
https://www.youtube.com/watch?v=pfoCil5DpSg,Shriram 9660,Maize,Maharashtra,Marathi,9660010HY,9
https://www.youtube.com/watch?v=Su5zjzqDsws,Shriram Dripit Vegetables - Grade I,Tomato,Karnataka,Kannada,DRV1010PN,9
https://www.youtube.com/watch?v=YTDGW88lVOA,Shriram 1666,Mustard,All India,Hindi,1666018HY,9
https://www.youtube.com/watch?v=32zvlRVIG-k,Shriram Dripit Vegetables - Grade I,Cucumber,Karnataka,Hindi,DRV1010PN,9
https://www.youtube.com/watch?v=rou3blXC5tk,Shriram Saloni,Pea,Punjab,Punjabi,SALO046VS,9
https://www.youtube.com/watch?v=jGt6kJkHrXc,Shriram Dripit Vegetables - Grade I,Cucumber,Karnataka,Kannada,DRV1010PN,9
https://www.youtube.com/watch?v=bQKBqfzt5bo,Shriram 2372,Tomato,Punjab,Punjabi,2372011VS,9
https://www.youtube.com/watch?v=xYQoQzji46g,Shriram Dripit Vegetables - Grade I,Watermelon,Gujarat,Gujarati,DRV1010PN,9
https://www.youtube.com/watch?v=oyHW8hs2z_g,Shriram 822,Cabbage,Punjab,Hindi,822X031VS,9
https://www.youtube.com/watch?v=C57rHOYcz3A,Shriram 1666,Mustard,Haryana,Hindi,1666018HY,9
https://www.youtube.com/watch?v=H5jf1-acops,Shriram 1666,Mustard,Haryana,Hindi,1666018HY,9
https://www.youtube.com/watch?v=kHrBXWkPFdg,Shriram Dripit Vegetables - Grade I,Cucumber,Gujarat,Gujarati,DRV1010PN,9
https://www.youtube.com/watch?v=Rxxt2w7qS7k,Shriram Dripit Vegetables - Grade I,Chilli,Madhya Pradesh,Hindi,DRV1010PN,9
https://www.youtube.com/watch?v=EZPq5nbNQOA,Shriram Trexter,Chilli,Gujarat,Gujarati,TREX051CP,9
https://www.youtube.com/watch?v=bZ-sSOvVNVo,Shriram Protobuz,Brinjal,Rajasthan,Hindi,PROT030PN,9
https://www.youtube.com/watch?v=yhGoRu-cNfI,Shriram Calific,Brinjal,All India,Hindi,CALI003PN,9
https://www.youtube.com/watch?v=68DsvzEvKyU,Shriram 2110,Okra,Rajasthan,Hindi,2110018VS,9
https://www.youtube.com/watch?v=IWaRj94hDNY,Shriram Sateer,Maize,Rajasthan,Hindi,SATE053CP,9
https://www.youtube.com/watch?v=uVuSc7lpV3Y,Shriram 2372,Tomato,All India,Hindi,2372011VS,9
https://www.youtube.com/watch?v=MSW2iShK27s,Shriram Chrone,Paddy,Andhra Pradesh,Telugu,CHRO050CP,9
https://www.youtube.com/watch?v=DwMxHKVsBEI&pp=0gcJCX4JAYcqIYzv,Shriram Shobha,Chilli,Andhra Pradesh,Telugu,SHOB003VS,9
https://www.youtube.com/watch?v=r9ETuIohr78,Shriram Dripit Vegetables - Grade I,Watermelon,Maharashtra,Marathi,DRV1010PN,9
https://www.youtube.com/watch?v=3oj3mAMOIlU,Shriram Dripit Vegetables - Grade I,Watermelon,Maharashtra,Marathi,DRV1010PN,9
https://www.youtube.com/watch?v=EgJEU7kn9bk,Shriram Dripit Vegetables - Grade I,Chilli,Maharashtra,Marathi,DRV1010PN,9
https://www.youtube.com/watch?v=c4j5gvOlMS0,Shriram 71,Chilli,Andhra Pradesh,Telugu,71XX010VS,9
https://www.youtube.com/watch?v=7nDuHoY7Kyw,Shriram Protobuz,Cucumber,Maharashtra,Marathi,PROT030PN,9
https://www.youtube.com/watch?v=FFwcK6WG21I,Shriram Fegro,Chilli,All India,Hindi,FEGR014PN,9
https://www.youtube.com/watch?v=fiQamdLNV2I,Shriram Trexter,Chilli,Rajasthan,Hindi,TREX051CP,9
https://www.youtube.com/watch?v=isGXadY_w9k,Shriram Dripit Vegetables - Grade I,Chilli,Maharashtra,Marathi,DRV1010PN,9
https://www.youtube.com/watch?v=3p23BGitUII,Shriram Trexter,Brinjal,Rajasthan,Hindi,TREX051CP,9
https://www.youtube.com/watch?v=9z6ZETR3YlA,Shriram Aleksy,Potato,Uttar Pradesh,Hindi,ALEK024CP,9
https://www.youtube.com/watch?v=HY7PcPNWWM8,Shriram SprayIt Potato,Potato,Uttar Pradesh,Hindi,SPRP038PN,9
https://www.youtube.com/watch?v=2pxu9yBtSMQ,SHRIRAM ULTRAZIB-40,Grapes,Maharashtra,Marathi,ULTR047PN,9
https://www.youtube.com/watch?v=JJzelBYYRww,Shriram Fegro,Grapes,Maharashtra,Marathi,FEGR014PN,9
https://www.youtube.com/watch?v=kJ1EvjynIF8,Shriram SprayIt Potato,Potato,Uttar Pradesh,Hindi,SPRP038PN,9
https://www.youtube.com/watch?v=7w7cbKBvxSo,Shriram 2372,Tomato,All India,Hindi,2372011VS,9
https://www.youtube.com/watch?v=rSEOws-ae_c,Shriram Super 252,Wheat,Punjab,Punjabi,S252003RW,9
https://www.youtube.com/watch?v=zDexzMfK-iY,Shriram SprayIt Potato,Potato,Uttar Pradesh,Hindi,SPRP038PN,9
https://www.youtube.com/watch?v=EFifxdkiLh4,Shriram Super 5-SR-05,Wheat,Bihar,Hindi,SR05007RW,9
https://www.youtube.com/watch?v=QcLdDzrjW0s,Shriram Dripit Vegetables - Grade I,Tomato,Andhra Pradesh,Telugu,DRV1010PN,9
https://www.youtube.com/watch?v=b3SITIKbKUI,Shriram Super 303,Wheat,Bihar,Hindi,S303005RW,9
https://www.youtube.com/watch?v=g1Uy6D0gseY,Shriram 2110,Okra,Madhya Pradesh,Hindi,2110018VS,9
https://www.youtube.com/watch?v=aekAMdqqr-Q,Shriram Phaminox,Wheat,Uttar Pradesh,Hindi,PHAM059CP,9
https://www.youtube.com/watch?v=bRYGKogNDxs,Shriram Super 5-SR-05,Wheat,Bihar,Hindi,SR05007RW,9
https://www.youtube.com/watch?v=I_3swMs-qpY,Shriram Super 5-SR-05,Wheat,Uttar Pradesh,Hindi,SR05007RW,9
https://www.youtube.com/watch?v=7jx0S5A8z2o,Shriram Super 5-SR-05,Wheat,Haryana,Hindi,SR05007RW,9
https://www.youtube.com/watch?v=2fe1fGQ3fo8,Shriram Super 5-SR-05,Wheat,Punjab,Punjabi,SR05007RW,9
https://www.youtube.com/watch?v=9Dm18NxkUFk,Shriram Super 5-SR-05,Wheat,Madhya Pradesh,Hindi,SR05007RW,9
https://www.youtube.com/watch?v=E0OZ9KsZtyI,Shriram Super 5-SR-05,Wheat,Haryana,Hindi,SR05007RW,9
https://www.youtube.com/watch?v=BHVtX7uUGL0,Shriram Super 1-SR-14,Wheat,Madhya Pradesh,Hindi,SR14006RW,9
https://www.youtube.com/watch?v=JEPdwqXJais,Shriram 2110,Okra,Rajasthan,Hindi,2110018VS,9
https://www.youtube.com/watch?v=mkJO2dr1rJI,Shriram Super 3-SR-72,Wheat,Uttar Pradesh,Hindi,SR72008RW,9
https://www.youtube.com/watch?v=6NAYZnHIx1U,Shriram Super 3-SR-72,Wheat,Punjab,Punjabi,SR72008RW,9
https://www.youtube.com/watch?v=MURHo8s0j2A,Shriram Super 3-SR-72,Wheat,All India,Hindi,SR72008RW,9
https://www.youtube.com/watch?v=pqUeirsOjR8,Shriram Super 1-SR-14,Wheat,Gujarat,Gujarati,SR14006RW,9
https://www.youtube.com/watch?v=BFzYakz0NeU,Shriram Super 272,Wheat,Haryana,Punjabi,S272004RW,9
https://www.youtube.com/watch?v=Ep1et2iPGYo,Shriram Super 303,Wheat,All India,Hindi,S303005RW,9
https://www.youtube.com/watch?v=FkR1Nc5DKeA,Shriram Super 5-SR-05,Wheat,Haryana,Hindi,SR05007RW,9
https://www.youtube.com/watch?v=eM9ubJUDdLI,Shriram Super 5-SR-05,Wheat,Uttar Pradesh,Hindi,SR05007RW,9
https://www.youtube.com/watch?v=AWS_GKtppBY,Shriram Super 1-SR-14,Wheat,Gujarat,Gujarati,SR14006RW,9
https://www.youtube.com/watch?v=oEZO4QJIqlg,Shriram Super 5-SR-05,Wheat,Punjab,Punjabi,SR05007RW,9
https://www.youtube.com/watch?v=XTZHVvY-ajc,Shriram 1666,Mustard,Bihar,Hindi,1666018HY,9
https://www.youtube.com/watch?v=B1B7wombDdo,Shriram Super 111,Wheat,Madhya Pradesh,Hindi,S111001RW,9
https://www.youtube.com/watch?v=l5ra9JevVU8,Shriram Super 1-SR-14,Wheat,Madhya Pradesh,Hindi,SR14006RW,9
https://www.youtube.com/watch?v=AWyj2ClKe74,Shriram 1666,Mustard,Uttar Pradesh,Hindi,1666018HY,9
https://www.youtube.com/watch?v=YzKNNXl9TU8,Shriram Super 111,Wheat,Maharashtra,Marathi,S111001RW,9
https://www.youtube.com/watch?v=1sXO8MnmIBM,Shriram 1666,Mustard,Uttar Pradesh,Hindi,1666018HY,9
https://www.youtube.com/watch?v=wZOxAVzaewY,Shriram Super 1-SR-14,Wheat,Rajasthan,Hindi,SR14006RW,9
https://www.youtube.com/watch?v=sBlb_nfQFWY,Shriram 1666,Mustard,Haryana,Hindi,1666018HY,9
https://www.youtube.com/watch?v=8mVC91USZCo,Shriram Super 111,Wheat,Rajasthan,Hindi,S111001RW,9
https://www.youtube.com/watch?v=RdsMQvopgYY,Shriram 1666,Mustard,All India,Hindi,1666018HY,9
https://www.youtube.com/watch?v=-dEA7fIuH0A,Shriram Super 1-SR-14,Wheat,Maharashtra,Marathi,SR14006RW,9
https://www.youtube.com/watch?v=REU0ZuncQxE,Shriram 2110,Okra,Chhattisgarh,Hindi,2110018VS,9
https://www.youtube.com/watch?v=vxELtcWGSAE,Shriram Super 111,Wheat,Rajasthan,Hindi,S111001RW,9
https://www.youtube.com/watch?v=k6dS5FSGSlE,Shriram Super 5-SR-05,Wheat,All India,Hindi,SR05007RW,9
https://www.youtube.com/watch?v=F5sSHzKRnKk,Shriram Super 1-SR-14,Wheat,Gujarat,Gujarati,SR14006RW,9
https://www.youtube.com/watch?v=43jG47vwDog,Shriram Super Wheat,Wheat,All India,Hindi,#N/A,#N/A
https://www.youtube.com/watch?v=ltzlI-Pl_iY,Shriram Super 3-SR-72,Wheat,All India,Hindi,SR72008RW,9
https://www.youtube.com/watch?v=lkeOMuo7Zr0,Shriram 1666,Mustard,Rajasthan,Hindi,1666018HY,9
https://www.youtube.com/watch?v=CQvudK5Qcps,Shriram Super 1-SR-14,Wheat,All India,Hindi,SR14006RW,9
https://www.youtube.com/watch?v=3KyB2jrXk58&pp=0gcJCX4JAYcqIYzv,Shriram 1666,Mustard,All India,Hindi,1666018HY,9
https://www.youtube.com/watch?v=FcQXqYrLBVA,Shriram 1666,Mustard,Uttar Pradesh,Hindi,1666018HY,9
https://www.youtube.com/watch?v=tcK3GJ1ZnFU,Shriram 1666,Mustard,Rajasthan,Hindi,1666018HY,9
https://www.youtube.com/watch?v=dq_Ja801VeE&pp=0gcJCX4JAYcqIYzv,Shriram Dripit Vegetables - Grade I,All Crops,Maharashtra,Marathi,DRV1010PN,9
https://www.youtube.com/watch?v=7UrnQ6xxdlg,Shriram 1666,Mustard,Rajasthan,Hindi,1666018HY,9
https://www.youtube.com/watch?v=3q5SoMtUpeg,Shriram 1666,Mustard,Haryana,Hindi,1666018HY,9
https://www.youtube.com/watch?v=80fy-qd4WdE,Shriram SprayIT Cotton,Cotton,Gujarat,Gujarati,SPRC037PN,9
https://www.youtube.com/watch?v=9IRJgXA94rQ,Shriram 1666,Mustard,,Hindi,1666018HY,9
https://www.youtube.com/watch?v=td0axcYqfvs,Shriram Myro-NXT,Paddy,Rajasthan,Hindi,MYRO024PN,9
https://www.youtube.com/watch?v=a_GWTM9YwWU&pp=0gcJCX4JAYcqIYzv,Shriram 1666,Mustard,Rajasthan,Hindi,1666018HY,9
https://www.youtube.com/watch?v=drC3LLPeL_s,Shriram 1666,Mustard,All India,Hindi,1666018HY,9
https://www.youtube.com/watch?v=j3sinzbzsAg,Shriram 1666,Mustard,All India,Hindi,1666018HY,9
https://www.youtube.com/watch?v=y01eN20iIb8,Shriram SprayIT Cotton,Cotton,Gujarat,Gujarati,SPRC037PN,9
https://www.youtube.com/watch?v=gmbL6okG1pM,Shriram Chrone,Paddy,Haryana,Hindi,CHRO050CP,9
https://www.youtube.com/watch?v=zuhF3QPsKU0,Shriram Dripit Vegetables - Grade I,All Crops,Chhattisgarh,Hindi,DRV1010PN,9
https://www.youtube.com/watch?v=UiZ-xgNckrY&pp=0gcJCX4JAYcqIYzv,Shriram Borky,Pomegranate,Haryana,Hindi,BORK001PN,9
https://www.youtube.com/watch?v=0MHVGUy13us,Shriram Dripit Vegetables - Grade I,Tomato,Chhattisgarh,Hindi,DRV1010PN,9
https://www.youtube.com/watch?v=yUe_F6NVmQk,Shriram Chrone,Paddy,Haryana,Hindi,CHRO050CP,9
https://www.youtube.com/watch?v=sExqi9LgNVM,Shriram Dripit Vegetables - Grade I,Bottle Gourd,Gujarat,Gujarati,DRV1010PN,9
https://www.youtube.com/watch?v=HgsacSX83S0,Shriram Chrone,Paddy,Haryana,Hindi,CHRO050CP,9
https://www.youtube.com/watch?v=kjhjDLHluik,Shriram Calific,Pomegranate,Rajasthan,Hindi,CALI003PN,9
https://www.youtube.com/watch?v=8VPrHQNYr24,Shriram Dripit Vegetables - Grade I,"Chilli, Brinjal",Chhattisgarh,Hindi,DRV1010PN,9
https://www.youtube.com/watch?v=OmPIJXjLxso,Shriram Chrone,Paddy,Haryana,Hindi,CHRO050CP,9
https://www.youtube.com/watch?v=2kSw3PdG8B0&pp=0gcJCX4JAYcqIYzv,Shriram Dripit Vegetables - Grade I,Tomato,Chhattisgarh,Hindi,DRV1010PN,9
https://www.youtube.com/watch?v=j6MF7zLa-Uk,Shriram Ziva-NXT,Paddy,Haryana,Hindi,ZIVA053PN,9
https://www.youtube.com/watch?v=3zBgHqyYqzs,Shriram Chrone,Paddy,Haryana,Hindi,CHRO050CP,9
https://www.youtube.com/watch?v=2X4HA9yu71g,Shriram Dripit Vegetables - Grade I,Okra,Maharashtra,Marathi,DRV1010PN,9
https://www.youtube.com/watch?v=ZRmjf3RJdgc,Shriram Borky,Pomegranate,Rajasthan,Hindi,BORK001PN,9
https://www.youtube.com/watch?v=acb5MLG2V3U&pp=0gcJCX4JAYcqIYzv,Shriram Calific,Pomegranate,,Hindi,CALI003PN,9
https://www.youtube.com/watch?v=K-2lyNKm8dQ,Shriram Dripit Vegetables - Grade I,Chilli,Madhya Pradesh,Hindi,DRV1010PN,9
https://www.youtube.com/watch?v=xmvDrThArIY,Shriram Trexter,Chilli,Madhya Pradesh,Hindi,TREX051CP,9
https://www.youtube.com/watch?v=ZoWxq7qOC3I,Shriram SprayIt Vegetables,All Crops,All India,Hindi,SPRV040PN,9
https://www.youtube.com/watch?v=yyCeuh_fGv8,Shriram Chrone,Paddy,Punjab,Punjabi,CHRO050CP,9
https://www.youtube.com/watch?v=COrMOLIPKGI,Shriram Dripit Vegetables - Grade I,Bitter Gourd,Gujarat,Gujarati,DRV1010PN,9
https://www.youtube.com/watch?v=l9VG86h-Yas,SHRIRAM PROTOBUZ+,Groundnut,Gujarat,Gujarati,PROT031PN,9
https://www.youtube.com/watch?v=x_g_dcgIjg4&pp=0gcJCX4JAYcqIYzv,Shriram Dripit Vegetables - Grade I,Chilli,Gujarat,Gujarati,DRV1010PN,9
https://www.youtube.com/watch?v=0GDnlbaga4U&pp=0gcJCX4JAYcqIYzv,Shriram Dripit Vegetables - Grade I,Chilli,Gujarat,Gujarati,DRV1010PN,9
https://www.youtube.com/watch?v=px6GDQK9lco,SHRIRAM PROTOBUZ+,All Crops,Maharashtra,Marathi,PROT031PN,9
https://www.youtube.com/watch?v=YGLmwi9dLnc,SHRIRAM PROTOBUZ+,All Crops,"Andhra Pradesh, Telangana",Telugu,PROT031PN,9
https://www.youtube.com/watch?v=Al5Z5AnfbqY,SHRIRAM PROTOBUZ+,All Crops,Karnataka,Kannada,PROT031PN,9
https://www.youtube.com/watch?v=LwqrtCn1uQM,SHRIRAM PROTOBUZ+,All Crops,Gujarat,Gujarati,PROT031PN,9
https://www.youtube.com/watch?v=TzduZva1T2M,Shriram SprayIt Cotton,Cotton,Haryana,Hindi,SPRC037PN,9
https://www.youtube.com/watch?v=HBLg6JzPd0A,Shriram Protobuz,Cotton,Haryana,Hindi,PROT030PN,9
https://www.youtube.com/watch?v=aSdbu_t6fGg,Shriram Reprozin,Cotton,Maharashtra,Marathi,REPR033PN,9
https://www.youtube.com/watch?v=Q0tTSJXCJ1U,Shriram Chrone,Paddy,Karnataka,Kannada,CHRO050CP,9
https://www.youtube.com/watch?v=LgvikBaAwzU,Shriram Chrone,Paddy,"Andhra Pradesh, Telangana",Telugu,CHRO050CP,9
https://www.youtube.com/watch?v=TTo_Rh-kTbM,Shriram Chrone,Paddy,Gujarat,Gujarati,CHRO050CP,9
https://www.youtube.com/watch?v=r7sYkSOBOoU,Shriram Chrone,Paddy,Maharashtra,Marathi,CHRO050CP,9
https://www.youtube.com/watch?v=7MepyxCRMQg,Shriram SprayIT Cotton,Cotton,Maharashtra,Marathi,SPRC037PN,9
https://www.youtube.com/watch?v=xUM81AjykVE,Shriram Reprozin,Cotton,Gujarat,Gujarati,REPR033PN,9
https://www.youtube.com/watch?v=I5LZQqP9g0w,Shriram Reprozin,Cotton,Maharashtra,Marathi,REPR033PN,9
https://www.youtube.com/watch?v=P4V4ReiCRtU,Shriram SprayIT Cotton,Cotton,Maharashtra,Marathi,SPRC037PN,9
https://www.youtube.com/watch?v=-KO_ulmMsFs,Shriram Dripit Vegetables - Grade I,All Crops,"Andhra Pradesh, Telangana",Telugu,DRV1010PN,9
https://www.youtube.com/watch?v=xyVmxPAyiRo,Shriram Dripit Vegetables - Grade I,All Crops,Maharashtra,Marathi,DRV1010PN,9
https://www.youtube.com/watch?v=j0Tg1_EwRHA&pp=0gcJCX4JAYcqIYzv,Shriram Dripit Vegetables - Grade I,All Crops,Karnataka,Kannada,DRV1010PN,9
https://www.youtube.com/watch?v=OxeA3KqQX0Y,Shriram Doppelt,All Crops,All India,Hindi,DOPP052CP,9
https://www.youtube.com/watch?v=xAA6qGSRgJQ,Shriram Chrone,All Crops,All India,Hindi,CHRO050CP,9
https://www.youtube.com/watch?v=dWPlH4Oz6O4,Shriram 2372,Tomato,Uttar Pradesh,Hindi,2372011VS,9
https://www.youtube.com/watch?v=GLChzyVHXCk&pp=0gcJCX4JAYcqIYzv,Shriram 2372,Tomato,Uttar Pradesh,Hindi,2372011VS,9
https://www.youtube.com/watch?v=CwIRfPLP6B4,Shriram Chrone,Paddy,All India,Hindi,CHRO050CP,9
https://www.youtube.com/watch?v=8X9j0hijvdc,Shriram 412,Cotton,Madhya Pradesh,Hindi,412X028HY,9
https://www.youtube.com/watch?v=8rlH1CEegZU,Shriram Chrone,"Paddy, Cotton",All India,Hindi,CHRO050CP,9
https://www.youtube.com/watch?v=RBxLjxu3i74,Shriram Ciptrole SC,Groundnut,All India,Hindi,CIPS056CP,9
https://www.youtube.com/watch?v=75QltoCbsrk,Shriram Ciptrole SC,Paddy,All India,Hindi,CIPS056CP,9
https://www.youtube.com/watch?v=caUv9oG1n4s,Shriram Dripit Vegetables - Grade I,All Crops,All India,Hindi,DRV1010PN,9
https://www.youtube.com/watch?v=63cxxcINQ-s,Shriram Sateer,Maize,All India,Hindi,SATE053CP,9
https://www.youtube.com/watch?v=1F4NSQ2vYVw,Shriram Super 4466,Paddy,West Bengal,Bengali,4466005RP,9
https://www.youtube.com/watch?v=4-R-A0QyJfM,Shriram Super 4400,Paddy,Bihar,Hindi,4400004RP,9
https://www.youtube.com/watch?v=SV2fjqJrZac,Shriram Super 4466,Paddy,Bihar,Hindi,4466005RP,9
https://www.youtube.com/watch?v=y959ahaKZW0,Shriram Super 7711,Paddy,Bihar,Hindi,7711006RP,9
https://www.youtube.com/watch?v=HeWCaas6SgA,Shriram 412,Cotton,Gujarat,Gujarati,412X028HY,9
https://www.youtube.com/watch?v=JPyW0cLnP9c,SHRIRAM PROTOBUZ+,All Crops,All India,Hindi,PROT031PN,9
https://www.youtube.com/watch?v=uo_wmPEjJK4,Shriram Bikuta,Cotton,"Andhra Pradesh, Telangana",Telugu,BIKU054CP,9
https://www.youtube.com/watch?v=fUnTMHQe9ig,Shriram Bikuta,Cotton,Punjab,Punjabi,BIKU054CP,9
https://www.youtube.com/watch?v=kW01bMWYijc&pp=0gcJCX4JAYcqIYzv,Shriram Bikuta,Cotton,Maharashtra,Marathi,BIKU054CP,9
https://www.youtube.com/watch?v=6Fmvi9mQuyI,Shriram Bikuta,Cotton,Karnataka,Kannada,BIKU054CP,9
https://www.youtube.com/watch?v=AimUlgJcIrA,Shriram Bikuta,Cotton,Gujarat,Gujarati,BIKU054CP,9
https://www.youtube.com/watch?v=kgQDBzldmoc,Shriram Trexter,All Crops,"Andhra Pradesh, Telangana",Telugu,TREX051CP,9
https://www.youtube.com/watch?v=I7OA8stHzwg,Shriram Trexter,All Crops,Punjab,Punjabi,TREX051CP,9
https://www.youtube.com/watch?v=Nc47xEy3j3Y,Shriram Trexter,All Crops,Maharashtra,Marathi,TREX051CP,9
https://www.youtube.com/watch?v=Bqzin7SS6Dk,Shriram Trexter,All Crops,Karnataka,Kannada,TREX051CP,9
https://www.youtube.com/watch?v=2P0FgW9dwhM,Shriram Trexter,All Crops,Gujarat,Gujarati,TREX051CP,9
https://www.youtube.com/watch?v=QR89IFxi7sU,Shriram Ganga BG II,Cotton,Gujarat,Gujarati,GANG015HY,9
https://www.youtube.com/watch?v=AbmzJiBRkWk,Shriram Ganga BG II,Cotton,Gujarat,Gujarati,GANG015HY,9
https://www.youtube.com/watch?v=5Ekq_nfGoM4,Shriram Ganga BG II,Cotton,Madhya Pradesh,Hindi,GANG015HY,9
https://www.youtube.com/watch?v=9KVPezXu1DI,Shriram Ganga BG II,Cotton,Maharashtra,Marathi,GANG015HY,9
https://www.youtube.com/watch?v=py8Kg2ehBbk,Shriram Ganga BG II,Cotton,Maharashtra,Marathi,GANG015HY,9
https://www.youtube.com/watch?v=zxgjADvqjPA,Shriram Ganga BG II,Cotton,Maharashtra,Marathi,GANG015HY,9
https://www.youtube.com/watch?v=-XiTjZsDzFg,Shriram Trexter,All Crops,All India,Hindi,TREX051CP,9
https://www.youtube.com/watch?v=sq9wetOMioE,Shriram Bikuta,Cotton,All India,Hindi,BIKU054CP,9
https://www.youtube.com/watch?v=S5zYAbEl2Zw,SHRIRAM PROTOBUZ+,All Crops,All India,Hindi,PROT031PN,9
https://www.youtube.com/watch?v=z9VBbdNBXvY,Shriram Trexter,All Crops,All India,Hindi,TREX051CP,9
https://www.youtube.com/watch?v=iT0WDugbFps,Shriram 8866,Bajra,,Hindi,8866004HY,9
https://www.youtube.com/watch?v=H1i0c69mFRw,Shriram Bikuta,Cotton,All India,Hindi,BIKU054CP,9
https://www.youtube.com/watch?v=sC4Vk5tBXhI,Shriram 8866,Bajra,Rajasthan,Hindi,8866004HY,9
https://www.youtube.com/watch?v=vZIxExwWqhU,Shriram 8860,Bajra,Rajasthan,Hindi,8860006HY,9
https://www.youtube.com/watch?v=Jq-vLYVqFyE,Shriram 8860,Bajra,Rajasthan,Hindi,8860006HY,9
https://www.youtube.com/watch?v=BfsTWO_sWtM,Shriram 8866,Bajra,Rajasthan,Hindi,8866004HY,9
https://www.youtube.com/watch?v=3r8LPv7BytU,Shriram 8860,Bajra,Rajasthan,Hindi,8860006HY,9
https://www.youtube.com/watch?v=ePEE4Gerpc4,Shriram 8860,Bajra,Rajasthan,Hindi,8860006HY,9
https://www.youtube.com/watch?v=wqY3_A_vDhk,Shriram 8860,Bajra,Rajasthan,Hindi,8860006HY,9
https://www.youtube.com/watch?v=h16UU5JUW80,Shriram 8860,Bajra,Rajasthan,Hindi,8860006HY,9
https://www.youtube.com/watch?v=3u_8FEDo4wg,Shriram Dripit Vegetables - Grade I,Tomato,Karnataka,Kannada,DRV1010PN,9
https://www.youtube.com/watch?v=TZgZGczMGM8,Shriram Dripit Vegetables - Grade I,Watermelon,Karnataka,Kannada,DRV1010PN,9
https://www.youtube.com/watch?v=UmY5B9reVws,Shriram Dripit Vegetables - Grade I,Tomato,Karnataka,Kannada,DRV1010PN,9
https://www.youtube.com/watch?v=FuLYZx2UsZg,Shriram Dripit Vegetables - Grade I,Rose,Karnataka,Kannada,DRV1010PN,9
https://www.youtube.com/watch?v=q4QRgI3m_70&pp=0gcJCX4JAYcqIYzv,Shriram Dripit Vegetables - Grade I,Watermelon,Karnataka,Kannada,DRV1010PN,9
https://www.youtube.com/watch?v=qBO_5IM5A_4,Shriram Dripit Vegetables - Grade I,Gerbera,Karnataka,Kannada,DRV1010PN,9
https://www.youtube.com/watch?v=5QGkq6VpfX8,Shriram Super 4466,Paddy,Bihar,Hindi,4466005RP,9
https://www.youtube.com/watch?v=846J91n53l0,Shriram Super 7711,Paddy,Uttar Pradesh,Hindi,7711006RP,9
https://www.youtube.com/watch?v=eSgtFjPruRQ&pp=0gcJCX4JAYcqIYzv,Shriram Super 7711,Paddy,Uttar Pradesh,Hindi,7711006RP,9
https://www.youtube.com/watch?v=2_C4d7Bs2TA,Shriram Super 4400,Paddy,Bihar,Hindi,4400004RP,9
https://www.youtube.com/watch?v=jMBk31iLqss,Shriram 9701,Maize,Madhya Pradesh,Hindi,9701030HY,9
https://www.youtube.com/watch?v=0pmwnxIW4Js,Shriram 9700,Maize,Madhya Pradesh,Hindi,9700032HY,9
https://www.youtube.com/watch?v=bgQA7thLhAw,Shriram 361,Cotton,All India,Hindi,361X029HY,9
https://www.youtube.com/watch?v=dee_TPfbjSE,Shriram 361,Cotton,Haryana,Hindi,361X029HY,9
https://www.youtube.com/watch?v=OQIjU7E3kYE,Shriram 361,Cotton,Haryana,Hindi,361X029HY,9
https://www.youtube.com/watch?v=jK6PcFtMtyI,Shriram Reprozin,Orange,Maharashtra,Marathi,REPR033PN,9
https://www.youtube.com/watch?v=6OX16TpDqY4,Shriram Protobuz,Radish,All India,Hindi,PROT030PN,9
https://www.youtube.com/watch?v=SZsFvxuO78s,Shriram Benzo,Gram,Maharashtra,Marathi,BENZ001CP,9
https://www.youtube.com/watch?v=8-L7USJqmGE,Shriram Borky,Rose,Karnataka,Kannada,BORK001PN,9
https://www.youtube.com/watch?v=UgdcXYmmU3U,Shriram Dripit Vegetables - Grade I,Rose,Karnataka,Kannada,DRV1010PN,9
https://www.youtube.com/watch?v=x3p6rsMhIm4,Shriram Dripit Vegetables - Grade I,Rose,Karnataka,Kannada,DRV1010PN,9
https://www.youtube.com/watch?v=Acf8J_zM1Vc,Shriram Dripit Vegetables - Grade I,Watermelon,Karnataka,Kannada,DRV1010PN,9
https://www.youtube.com/watch?v=8QQMaDgccBc,Shriram SprayIt Potato,Potato,Uttar Pradesh,Hindi,SPRP038PN,9
https://www.youtube.com/watch?v=J4Tb8lhh4V4,Shriram SprayIt Potato,Potato,Uttar Pradesh,Hindi,SPRP038PN,9
https://www.youtube.com/watch?v=CjgdXlag1yo,Shriram ZinDrip,"Potato, Chilli",Uttar Pradesh,Hindi,ZIND049PN,9
https://www.youtube.com/watch?v=WowBJHjXjCA,Shriram Borky,Tomato,Rajasthan,Hindi,BORK001PN,9
https://www.youtube.com/watch?v=Nw49LNhYBic&pp=0gcJCX4JAYcqIYzv,Shriram Protobuz,Tomato,Rajasthan,Hindi,PROT030PN,9
https://www.youtube.com/watch?v=rKaj51lcnvg,Shriram Protobuz,Chilli,Rajasthan,Hindi,PROT030PN,9
https://www.youtube.com/watch?v=aAyB5u3qIzs,Shriram 456,Cauliflower,Haryana,Hindi,456X051VS,9
https://www.youtube.com/watch?v=csOgDAwenxk,Shriram 456,Cauliflower,Rajasthan,Hindi,456X051VS,9
https://www.youtube.com/watch?v=bjSKRN6G_OY,SHRIRAM PRACENTUS,Paddy,West Bengal,Bengali,PRAC060CP,9
https://www.youtube.com/watch?v=9EdrcHttaD8,SHRIRAM PRACENTUS,Paddy,Gujarat,Gujarati,PRAC060CP,9
https://www.youtube.com/watch?v=wcGZrsw60H8,SHRIRAM PRACENTUS,Paddy,Maharashtra,Marathi,PRAC060CP,9
https://www.youtube.com/watch?v=96elT248mWM&pp=0gcJCX4JAYcqIYzv,SHRIRAM PRACENTUS,Paddy,Punjab,Punjabi,PRAC060CP,9
https://www.youtube.com/watch?v=ZvrejIskxJ0,SHRIRAM PRACENTUS,Paddy,All India,Hindi,PRAC060CP,9
https://www.youtube.com/watch?v=UqAjrKvvu9c,Shriram Benzo,Gram,All India,Hindi,BENZ001CP,9
https://www.youtube.com/watch?v=bB2Koc2nxpM,Shriram ZinDrip,Wheat,Rajasthan,Hindi,ZIND049PN,9
https://www.youtube.com/watch?v=12StPHCozO0,Shriram SprayIt Sugarcane,Sugarcane,Uttar Pradesh,Hindi,SPRS039PN,9
https://www.youtube.com/watch?v=N-Josgl8nOE,Shriram SprayIt Cotton,Cotton,Rajasthan,Hindi,SPRC037PN,9
https://www.youtube.com/watch?v=kawNtv8fo60,Shriram SprayIt Cotton,Cotton,Haryana,Hindi,SPRC037PN,9
https://www.youtube.com/watch?v=xga-mt1xQbY&pp=0gcJCX4JAYcqIYzv,Shriram SprayIt Cotton,Cotton,All India,Hindi,SPRC037PN,9
https://www.youtube.com/watch?v=tir4IK3pWIc,Shriram Fegro,Grapes,Maharashtra,Marathi,FEGR014PN,9
https://www.youtube.com/watch?v=ZRrvQ6cuCKs,Shriram Reprozin,Cotton,Maharashtra,Marathi,REPR033PN,9
https://www.youtube.com/watch?v=0fiwpwXryFs,Shriram SprayIt Cotton,Cotton,Punjab,Punjabi,SPRC037PN,9
https://www.youtube.com/watch?v=-sF6aOxsv5w,Shriram Protobuz,Cucumber,Uttar Pradesh,Hindi,PROT030PN,9
https://www.youtube.com/watch?v=rDu_9-DcesM,SHRIRAM ULTRAZIB-40,Paddy,Uttar Pradesh,Hindi,ULTR047PN,9
https://www.youtube.com/watch?v=Kh0KWZmwkaM,Shriram Protobuz,Paddy,Uttar Pradesh,Hindi,PROT030PN,9
https://www.youtube.com/watch?v=ur5PA7InOYM,Shriram Protobuz,Paddy,Haryana,Hindi,PROT030PN,9
https://www.youtube.com/watch?v=sozW9mWl1mc,Shriram SprayIt Cotton,Cotton,Haryana,Hindi,SPRC037PN,9
https://www.youtube.com/watch?v=0DzGVdtP79w,Shriram SprayIt Cotton,Cotton,Haryana,Hindi,SPRC037PN,9
https://www.youtube.com/watch?v=XJHiYqXnwq4,Shriram Aleksy,Wheat,Haryana,Hindi,ALEK024CP,9
https://www.youtube.com/watch?v=IC9IGBQMfAE,Shriram Ciptrole SC,Groundnut,All India,Hindi,CIPS056CP,9
https://www.youtube.com/watch?v=voAtYuWd_SQ,Shriram Phaminox,Wheat,Punjab,Punjabi,PHAM059CP,9
https://www.youtube.com/watch?v=YR9mauxzmjI&pp=0gcJCX4JAYcqIYzv,Shriram Aleksy,Wheat,Haryana,Hindi,ALEK024CP,9
https://www.youtube.com/watch?v=KMLpDod83Hw,Shriram Aleksy,Wheat,Haryana,Hindi,ALEK024CP,9
https://www.youtube.com/watch?v=X7F1THBqsQc,Shriram Aleksy,Wheat,Haryana,Hindi,ALEK024CP,9
https://www.youtube.com/watch?v=yWjGpDKOdy0,Shriram Aleksy,Wheat,Haryana,Hindi,ALEK024CP,9
https://www.youtube.com/watch?v=SRm4-efUSsE,Shriram Aleksy,Wheat,Haryana,Hindi,ALEK024CP,9
https://www.youtube.com/watch?v=vS81M1w3dds,Shriram Sateer,Maize,Gujarat,Gujarati,SATE053CP,9
https://www.youtube.com/watch?v=v8ylXV-8npI,Shriram Sateer,Maize,All India,Hindi,SATE053CP,9
https://www.youtube.com/watch?v=pDUTPzG_QP0,Shriram Aleksy,Paddy,Haryana,Hindi,ALEK024CP,9
https://www.youtube.com/watch?v=VOJgJfS3cUc,Shriram Phaminox,Wheat,All India,Hindi,PHAM059CP,9
https://www.youtube.com/watch?v=Z1CZqxD9tOU,Shriram Ciptrole SC,Sugarcane,All India,Hindi,CIPS056CP,9
https://www.youtube.com/watch?v=veOXzFikJjw,Shriram Super 1-SR-14,Wheat,Rajasthan,Hindi,SR14006RW,9
https://www.youtube.com/watch?v=igN0tmMA1ZE,Shriram Super 272,Wheat,Punjab,Punjabi,S272004RW,9
https://www.youtube.com/watch?v=F81Y9xJXmYE,Shriram Super 111,Wheat,Rajasthan,Hindi,S111001RW,9
https://www.youtube.com/watch?v=O7nQqvdV_4Y,Shriram Super 111,Wheat,Madhya Pradesh,Hindi,S111001RW,9
https://www.youtube.com/watch?v=0jtPkJWsBrY,Shriram Super 1-SR-14,Wheat,Madhya Pradesh,Hindi,SR14006RW,9
https://www.youtube.com/watch?v=MpizQ3ANuCw,Shriram Super 111,Wheat,Gujarat,Gujarati,S111001RW,9
https://www.youtube.com/watch?v=80x77qfkETI,Shriram Super 1-SR-14,Wheat,Maharashtra,Marathi,SR14006RW,9
https://www.youtube.com/watch?v=7dwGr7gol6U,Shriram Super 111,Wheat,Maharashtra,Marathi,S111001RW,9
https://www.youtube.com/watch?v=IaF3IFvWICI,Shriram Super 7711,Paddy,Uttar Pradesh,Hindi,7711006RP,9
https://www.youtube.com/watch?v=YZTlMxf3aBs,Shriram Super 1-SR-14,Wheat,Rajasthan,Hindi,SR14006RW,9
https://www.youtube.com/watch?v=Lr5dCCCur_M,Shriram Super 5-SR-05,Wheat,Bihar,Hindi,SR05007RW,9
https://www.youtube.com/watch?v=xAEOFHE6u_s,Shriram Super 5-SR-05,Wheat,Rajasthan,Hindi,SR05007RW,9
https://www.youtube.com/watch?v=_9YtEf2_NVM,Shriram Super 5-SR-05,Wheat,Haryana,Hindi,SR05007RW,9
https://www.youtube.com/watch?v=kaJN-WzgN9o,Shriram 5511,Maize,Bihar,Hindi,5511013HY,9
https://www.youtube.com/watch?v=r764JyMwarA,Shriram 5511,Maize,Bihar,Hindi,5511013HY,9
https://www.youtube.com/watch?v=TrqTWVF73js,Shriram 1666,Mustard,Rajasthan,Hindi,1666018HY,9
https://www.youtube.com/watch?v=ITz9cxtIPXg,Shriram 1666,Mustard,Rajasthan,Hindi,1666018HY,9
https://www.youtube.com/watch?v=58Aa3SEIO1Q,Shriram 1666,Mustard,Uttar Pradesh,Hindi,1666018HY,9
https://www.youtube.com/watch?v=ohswVyWN6bs,Shriram 1666,Mustard,"Uttar Pradesh, Rajasthan",Hindi,1666018HY,9
https://www.youtube.com/watch?v=lrWTTAf8cVg&pp=0gcJCX4JAYcqIYzv,Shriram 1666,Mustard,Haryana,Hindi,1666018HY,9
https://www.youtube.com/watch?v=9cZ1s2_X_7E,Shriram 1666,Mustard,Haryana,Hindi,1666018HY,9
https://www.youtube.com/watch?v=Fltn2FoqLOg,Shriram 8866,Bajra,Rajasthan,Hindi,8866004HY,9
https://www.youtube.com/watch?v=An0Z5PIkwyk,Shriram 331 BG II,Cotton,Haryana,Hindi,331X014HY,9
https://www.youtube.com/watch?v=1FxkeZjHfJQ,Shriram 8866,Bajra,Rajasthan,Hindi,8866004HY,9
https://www.youtube.com/watch?v=YU6ANHQRo0Y,Shriram 8866,Bajra,Rajasthan,Hindi,8866004HY,9
https://www.youtube.com/watch?v=_6IsiG8-HMc,Shriram Super 5-SR-05,Wheat,Bihar,Hindi,SR05007RW,9
https://www.youtube.com/watch?v=gA6_XJj-hVA,Shriram Super 5-SR-05,Wheat,Bihar,Hindi,SR05007RW,9
https://www.youtube.com/watch?v=B2D5uwq0f-E,Shriram Aleksy,Wheat,All India,Hindi,ALEK024CP,9
https://www.youtube.com/watch?v=bDJ1uwEEJoc,Shriram Honey,Watermelon,,Hindi,#N/A,#N/A
https://www.youtube.com/watch?v=4rhfmnroI5w,Shriram Protobuz,Wheat,All India,Hindi,PROT030PN,9
https://www.youtube.com/watch?v=DPhktjWfEug,Shriram Super 3-SR-72,Wheat,All India,Hindi,SR72008RW,9
https://www.youtube.com/watch?v=IBsnAofNo68,Shriram Super 5-SR-05,Wheat,All India,Hindi,SR05007RW,9
https://www.youtube.com/watch?v=O7KoSXT-pPc,Shriram Super 4466,Paddy,Bihar,Hindi,4466005RP,9
https://www.youtube.com/watch?v=xpRQDP5paSE,Shriram Super 4400,Paddy,"Chhattisgarh, Bihar",Hindi,4400004RP,9
https://www.youtube.com/watch?v=z411oKPOqBI&pp=0gcJCX4JAYcqIYzv,Shriram Super 4400,Paddy,All India,Hindi,4400004RP,9
https://www.youtube.com/watch?v=fBbOVf0rom0,Shriram Super 7711,Paddy,All India,Hindi,7711006RP,9
https://www.youtube.com/watch?v=drpnhiidHbQ,Shriram Super 4400,Paddy,Uttar Pradesh,Hindi,4400004RP,9
https://www.youtube.com/watch?v=RuAVne-etP8,Shriram Super 4466,Paddy,Uttar Pradesh,Hindi,4466005RP,9
https://www.youtube.com/watch?v=5Ylqn2K4qLI,Shriram Super 4466,Paddy,Uttar Pradesh,Hindi,4466005RP,9
https://www.youtube.com/watch?v=MRByUvFegl0,Shriram Super 4400,Paddy,Uttar Pradesh,Hindi,4400004RP,9
https://www.youtube.com/watch?v=jecnYj-N_gw,Shriram Super 1-SR-14,Wheat,Rajasthan,Hindi,SR14006RW,9
https://www.youtube.com/watch?v=v4D2xAourJY&pp=0gcJCX4JAYcqIYzv,Shriram Super 111,Wheat,All India,Hindi,S111001RW,9
https://www.youtube.com/watch?v=oiUMn2PwVNE,Shriram Super 1-SR-14,Wheat,Rajasthan,Hindi,SR14006RW,9
https://www.youtube.com/watch?v=BIAamc24hdQ,Shriram 331 BG II,Cotton,All India,Hindi,331X014HY,9
https://www.youtube.com/watch?v=EgPxa-TB2nE,Shriram 331 BG II,Cotton,Rajasthan,Hindi,331X014HY,9
https://www.youtube.com/watch?v=P0daE8VcMqs,Shriram 331 BG II,Cotton,Rajasthan,Hindi,331X014HY,9
https://www.youtube.com/watch?v=pu-2tJgkDSk,Shriram 331 BG II,Cotton,Haryana,Hindi,331X014HY,9
https://www.youtube.com/watch?v=PcKjEO-diT0,Shriram Super 5-SR-05,Wheat,Jharkhand,Hindi,SR05007RW,9
https://www.youtube.com/watch?v=UEpC3GeupHg,Shriram 2005,Okra,Uttar Pradesh,Hindi,2005017VS,9
https://www.youtube.com/watch?v=E07QV_gL9_E,Shriram SprayIt Potato,Potato,Uttar Pradesh,Hindi,SPRP038PN,9
https://www.youtube.com/watch?v=uq5XawgkVJc,Shriram Green Bank,Jowar,Haryana,Hindi,GREE020HY,9
https://www.youtube.com/watch?v=qBt255Onr3c,Shriram Saloni,Pea,Rajasthan,Hindi,SALO046VS,9
https://www.youtube.com/watch?v=g7U6JrqPl2o,Shriram Saloni,Pea,Uttar Pradesh,Hindi,SALO046VS,9
https://www.youtube.com/watch?v=2X-VXGDzOLo,Shriram 1666,Mustard,Uttar Pradesh,Hindi,1666018HY,9
https://www.youtube.com/watch?v=gUHJaiku7is,Shriram 1666,Mustard,Haryana,Hindi,1666018HY,9
https://www.youtube.com/watch?v=-M8NXqch6o0,Shriram 1666,Mustard,Rajasthan,Hindi,1666018HY,9
https://www.youtube.com/watch?v=fX7JgotmSCQ,Shriram 456,Cauliflower,Rajasthan,Hindi,456X051VS,9
https://www.youtube.com/watch?v=LURhUbgEifA,Shriram 2110,Okra,Haryana,Hindi,2110018VS,9
https://www.youtube.com/watch?v=-_ky4ASLqOg,Shriram 2110,Okra,Rajasthan,Hindi,2110018VS,9
https://www.youtube.com/watch?v=-vs_mu3VIWE,Shriram Ankita,Okra,Rajasthan,Hindi,ANKI015VS,9
https://www.youtube.com/watch?v=l4krOLrbKpY,Shriram Ankita,Okra,Rajasthan,Hindi,ANKI015VS,9
https://www.youtube.com/watch?v=MvrayivP-B0,Shriram 1720,Okra,Rajasthan,Hindi,#N/A,#N/A
https://www.youtube.com/watch?v=ogUhLcvi6lc,Shriram Bali,Tomato,Rajasthan,Hindi,#N/A,#N/A
https://www.youtube.com/watch?v=3GIEGk7EuKo,Shriram Kanha,Watermelon,Rajasthan,Hindi,#N/A,#N/A
https://www.youtube.com/watch?v=_z-miLX2DUQ,Shriram Nisus,Orange,All India,Hindi,NISU025PN,9
https://www.youtube.com/watch?v=DUUj1vO4gIY,Shriram Nisus,Cabbage,Rajasthan,Hindi,NISU025PN,9
https://www.youtube.com/watch?v=vnlGEa9Omcw,Shriram Aleksy,Wheat,Punjab,Punjabi,ALEK024CP,9
https://www.youtube.com/watch?v=XPaD9OFdBjk,Shriram Nisus,Potato,Uttar Pradesh,Hindi,NISU025PN,9
https://www.youtube.com/watch?v=IYb9BgQQL6E,Shriram Aleksy,Wheat,Haryana,Hindi,ALEK024CP,9
https://www.youtube.com/watch?v=Bmxqp41F2tM,Shriram ZinDrip,Wheat,Rajasthan,Hindi,ZIND049PN,9
https://www.youtube.com/watch?v=pZ4FdGFTe-0,Shriram SprayIt Potato,Potato,All India,Hindi,SPRP038PN,9
https://www.youtube.com/watch?v=jwoq5RMu8BM,Shriram Reprozin,Potato,Uttar Pradesh,Hindi,REPR033PN,9
https://www.youtube.com/watch?v=rafXDdxeLBU,Shriram Super 231,Wheat,Uttar Pradesh,Hindi,S231002RW,9
https://www.youtube.com/watch?v=iXPmWRbocOQ,Shriram Calific,Grapes,Maharashtra,Marathi,CALI003PN,9
https://www.youtube.com/watch?v=I8OqemkwFFo,Shriram Super 303,Wheat,Bihar,Hindi,S303005RW,9
https://www.youtube.com/watch?v=CEkKMIL3Axs,Shriram Super 303,Wheat,Uttar Pradesh,Hindi,S303005RW,9
https://www.youtube.com/watch?v=O9qjlwp1Jbo,Shriram Super 303,Wheat,Uttar Pradesh,Hindi,S303005RW,9
https://www.youtube.com/watch?v=aaVCHckLTAs,Shriram Super 303,Wheat,Madhya Pradesh,Hindi,S303005RW,9
https://www.youtube.com/watch?v=XUeGchMt-iA,Shriram Super 252,Wheat,Uttar Pradesh,Hindi,S252003RW,9
https://www.youtube.com/watch?v=NlkwUMbUt00&pp=0gcJCX4JAYcqIYzv,Shriram Super 252,Wheat,Rajasthan,Hindi,S252003RW,9
https://www.youtube.com/watch?v=XbErMQmxJP0,Shriram Super 252,Wheat,Punjab,Punjabi,S252003RW,9
https://www.youtube.com/watch?v=kOEX2kcaOQg,Shriram Super 252,Wheat,Haryana,Hindi,S252003RW,9
https://www.youtube.com/watch?v=5hIJXtXI1zg,Shriram Super 272,Wheat,Haryana,Hindi,S272004RW,9
https://www.youtube.com/watch?v=3inEYSA2ypw,Shriram Super 272,Wheat,"Rajasthan, Uttar Pradesh",Hindi,S272004RW,9
https://www.youtube.com/watch?v=fbNLYlDId3I,Shriram Super 1-SR-14,Wheat,Maharashtra,Marathi,SR14006RW,9
https://www.youtube.com/watch?v=q2-8XBEarG8&pp=0gcJCX4JAYcqIYzv,Shriram Super 1-SR-14,Wheat,Gujarat,Gujarati,SR14006RW,9
https://www.youtube.com/watch?v=Je1CGo0yl5E,Shriram Super 272,Wheat,Punjab,Punjabi,S272004RW,9
https://www.youtube.com/watch?v=1UgK7pqf69Y,Shriram 744,Paddy,Uttar Pradesh,Hindi,#N/A,#N/A
https://www.youtube.com/watch?v=vK7FCQgIr-A,Shriram 734,Paddy,Uttar Pradesh,Hindi,734X001HY,9
https://www.youtube.com/watch?v=e_SdlUb3iZ0,Shriram Super 111,Wheat,Maharashtra,Marathi,S111001RW,9
https://www.youtube.com/watch?v=k4OHH-oHCJM,Shriram Super 111,Wheat,All India,Hindi,S111001RW,9
https://www.youtube.com/watch?v=Ct9otRrclaQ,Shriram 8860,Bajra,Uttar Pradesh,Hindi,8860006HY,9
https://www.youtube.com/watch?v=KO8sMoq3fcs,Shriram 8850,Bajra,Uttar Pradesh,Hindi,8850002HY,9
https://www.youtube.com/watch?v=0XcGoXOr-xY&pp=0gcJCX4JAYcqIYzv,Shriram Super 1-SR-14,Wheat,Rajasthan,Hindi,SR14006RW,9
https://www.youtube.com/watch?v=qozk6M9EK24,Shriram Super 111,Wheat,Maharashtra,Marathi,S111001RW,9
https://www.youtube.com/watch?v=03Baish7oyw,Shriram Super 111,Wheat,Gujarat,Gujarati,S111001RW,9
https://www.youtube.com/watch?v=ViTDUwf1R8Y,Shriram Super 111,Wheat,Rajasthan,Hindi,S111001RW,9
https://www.youtube.com/watch?v=Zljd_CIClS0,Shriram 331 BG II,Cotton,Haryana,Hindi,331X014HY,9
https://www.youtube.com/watch?v=WwsNgER5EmM,Shriram 8860,Bajra,Rajasthan,Hindi,8860006HY,9
https://www.youtube.com/watch?v=veN7BqC41G8,Shriram 1666,Mustard,Uttar Pradesh,Hindi,1666018HY,9
https://www.youtube.com/watch?v=i-8WgomLXAw,Shriram 8850,Bajra,Rajasthan,Hindi,8850002HY,9
https://www.youtube.com/watch?v=OxUsAlrBKIA,Shriram Reprozin,Grapes,Maharashtra,Marathi,REPR033PN,9
https://www.youtube.com/watch?v=U5LPDs3c6Us,Shriram 1666,Mustard,Haryana,Hindi,1666018HY,9
https://www.youtube.com/watch?v=E7Sr-xMbj2U&pp=0gcJCX4JAYcqIYzv,Shriram 1666,Mustard,Rajasthan,Hindi,1666018HY,9
https://www.youtube.com/watch?v=3fMYTFuNIsY,Shriram 1666,Mustard,Rajasthan,Hindi,1666018HY,9
https://www.youtube.com/watch?v=nwpKPypxfWI,Shriram 8866,Bajra,Rajasthan,Hindi,8866004HY,9
https://www.youtube.com/watch?v=VZgLUZSPQq4,Shriram Calico,All Crops,All India,Hindi,CALI067CP,9
https://www.youtube.com/watch?v=_4KmzkCcMBM,Shriram Fegro,All Crops,All India,Hindi,FEGR014PN,9
https://www.youtube.com/watch?v=9s988a379UE,Shriram Borky,Tomato,Rajasthan,Hindi,BORK001PN,9
https://www.youtube.com/watch?v=tA094yrIiaU,Shriram SprayIt Vegetables,"Potato, Tomato, Chilli, Brinjal",,Hindi,SPRV040PN,9
https://www.youtube.com/watch?v=54GnZHPKVO8,Shriiram Reprozin,All Crops,All India,Hindi,#N/A,#N/A
https://www.youtube.com/watch?v=7hLntg-9wVI,Shriram SprayIt Cotton,Cotton,All India,Hindi,SPRC037PN,9
https://www.youtube.com/watch?v=WsP3p4PmKuU,Shriram Shimog,Paddy,All India,Hindi,SHIM004CP,9
https://www.youtube.com/watch?v=Jqv38EXuXLE,Shriram Zintok,All Crops,All India,Hindi,ZINT052PN,9
https://www.youtube.com/watch?v=bRA9RN3Cuec,Shriram ZinDrip,Tomato,Rajasthan,Hindi,ZIND049PN,9
https://www.youtube.com/watch?v=IUvQkeJFMxk,Shriram Kamya Gold,Capsicum,Uttar Pradesh,Hindi,#N/A,#N/A
https://www.youtube.com/watch?v=nDZQ9Q1JvmM,Shriram Speedkill,Paddy,All India,Hindi,SPEE047CP,9
https://www.youtube.com/watch?v=lD_XfLF_fbk,Shriram Calific,Chilli,Uttar Pradesh,Hindi,CALI003PN,9
https://www.youtube.com/watch?v=-VYJRp3ZXL0,Shriram 9698,Maize,Rajasthan,Hindi,9698011HY,9
https://www.youtube.com/watch?v=nLMnKcCEKxA,Shriram 734,Paddy,Uttar Pradesh,Hindi,734X001HY,9
https://www.youtube.com/watch?v=V8PfNd68iGQ,Shriram 8850,Bajra,Rajasthan,Hindi,8850002HY,9
https://www.youtube.com/watch?v=mceZ8D8BZOM,Shriram 753,Paddy,Uttar Pradesh,Hindi,#N/A,#N/A
https://www.youtube.com/watch?v=xpuS2s9qCk4,Shriram 744,Paddy,Haryana,Hindi,#N/A,#N/A
https://www.youtube.com/watch?v=4ddYheibajE,Shriram 8860,Bajra,Rajasthan,Hindi,8860006HY,9
https://www.youtube.com/watch?v=UWChWNTARbs,Shriram 744,Paddy,Punjab,Punjabi,#N/A,#N/A
https://www.youtube.com/watch?v=n0u91S7cVbs,Shriram 432,Paddy,Punjab,Punjabi,#N/A,#N/A
https://www.youtube.com/watch?v=KG3Ava8EWHU&pp=0gcJCX4JAYcqIYzv,Shriram Super 4400,Paddy,Uttar Pradesh,Hindi,4400004RP,9
https://www.youtube.com/watch?v=HQPdWpgblx8,Shriram Super 4466,Paddy,All India,Hindi,4466005RP,9
https://www.youtube.com/watch?v=mz4sSztZOrI,Shriram SprayIt Sugarcane,Sugarcane,All India,Hindi,SPRS039PN,9
https://www.youtube.com/watch?v=mVCATeAfBCE,Shriram 331 BG II,Cotton,Rajasthan,Hindi,331X014HY,9
https://www.youtube.com/watch?v=hZ04XWea-_Y,Shriram 331 BG II,Cotton,Punjab,Punjabi,331X014HY,9
https://www.youtube.com/watch?v=ntrkua7Cc7g,Shriram 331 BG II,Cotton,Haryana,Hindi,331X014HY,9
https://www.youtube.com/watch?v=HouxBfWhly0,Shriram Super 272,Wheat,Punjab,Punjabi,S272004RW,9
https://www.youtube.com/watch?v=AbVNQo0Zhro,Shriram Bali,Tomato,Rajasthan,Hindi,#N/A,#N/A
https://www.youtube.com/watch?v=92QXZCyak5Q,Shriram Borky,All Crops,All India,Hindi,BORK001PN,9
https://www.youtube.com/watch?v=AfIEGti-vJg,Shriram Forza,Chilli,Rajasthan,Hindi,FORZ016PN,9
https://www.youtube.com/watch?v=C8SeONtn0nc,Shriram Super 231,Wheat,Haryana,Hindi,S231002RW,9
https://www.youtube.com/watch?v=WbD8BYcrHgE,Shriram Super 231,Wheat,Uttar Pradesh,Hindi,S231002RW,9
https://www.youtube.com/watch?v=liQz8BQCAOQ,Shriram Super 303,Wheat,Uttar Pradesh,Hindi,S303005RW,9
https://www.youtube.com/watch?v=4yM_MQa5z_c,Shriram Super 303,Wheat,Bihar,Hindi,S303005RW,9
https://www.youtube.com/watch?v=kDUONaHFKaQ,Shriram Super 303,Wheat,Uttar Pradesh,Hindi,S303005RW,9
https://www.youtube.com/watch?v=P0NRui0ugkI,Shriram Super 303,Wheat,Uttar Pradesh,Hindi,S303005RW,9
https://www.youtube.com/watch?v=0WxLJZdfcOo,Shriram Super 303,Wheat,Madhya Pradesh,Hindi,S303005RW,9
https://www.youtube.com/watch?v=y44Dxf9L4rA,Shriram Super 252,Wheat,Uttar Pradesh,Hindi,S252003RW,9
https://www.youtube.com/watch?v=4R-_EXYYM2I,Shriram Super 252,Wheat,Punjab,Punjabi,S252003RW,9
https://www.youtube.com/watch?v=w9ikEEpU2P4&pp=0gcJCX4JAYcqIYzv,Shriram Super 252,Wheat,Rajasthan,Punjabi,S252003RW,9
https://www.youtube.com/watch?v=7lbByN5PYMA,Shriram Super 252,Wheat,Rajasthan,Hindi,S252003RW,9
https://www.youtube.com/watch?v=TmcSAecAuuA&pp=0gcJCX4JAYcqIYzv,Shriram Super 272,Wheat,Rajasthan,Hindi,S272004RW,9
https://www.youtube.com/watch?v=X4K31nD7GR0&pp=0gcJCX4JAYcqIYzv,Shriram Super 272,Wheat,Haryana,Hindi,S272004RW,9
https://www.youtube.com/watch?v=LVNdPScyLMc,Shriram Super 111,Wheat,Gujarat,Gujarati,S111001RW,9
https://www.youtube.com/watch?v=ABYREKza8_Q,Shriram Super 111,Wheat,Maharashtra,Hindi,S111001RW,9
https://www.youtube.com/watch?v=dztWEKHjdEo,Shriram Super 111,Wheat,Rajasthan,Hindi,S111001RW,9
https://www.youtube.com/watch?v=1iHFSp_z0wc,Shriram 1666,Mustard,Rajasthan,Hindi,1666018HY,9
https://www.youtube.com/watch?v=-O8GaSaoZ_Y,Shriram Hopnip,Paddy,All India,Hindi,HOPN006CP,9
https://www.youtube.com/watch?v=2Po8PF9a7lc,Shriram Rani,Mustard,Rajasthan,Hindi,RANI001OP,9
https://www.youtube.com/watch?v=JmkQKuy9UGY,Shriram Shimog,Paddy,All India,Hindi,SHIM004CP,9
https://www.youtube.com/watch?v=cXsDlZIhF_g,Shriram Saloni,Pea,Rajasthan,Hindi,SALO046VS,9
https://www.youtube.com/watch?v=AbhL_g5tZk8,Shriram Forza,Onion,Rajasthan,Hindi,FORZ016PN,9
https://www.youtube.com/watch?v=aV3zHVCbfAM,Shriram Pinocio,All Crops,All India,Hindi,PINO005CP,9
https://www.youtube.com/watch?v=kUM0LWVlGkc,SHRIRAM CALIFIC,,,Hindi,CALI003PN,9
https://www.youtube.com/watch?v=SRvT8-hQ5I4,Shriram Supravet,All Crops,All India,Hindi,SUPR075CP,9
https://www.youtube.com/watch?v=GqB7oxQAyVU,Shriram Nisus,Onion,Maharashtra,Hindi,NISU025PN,9
https://www.youtube.com/watch?v=Qh2RAZRudQM,Shriram Shaasak,Soyabean,All India,Hindi,SHAA048CP,9
https://www.youtube.com/watch?v=SBvhEyAZtlU&pp=0gcJCX4JAYcqIYzv,Shriram Kopis Strong,Soyabean,All India,Hindi,KOPI049CP,9
https://www.youtube.com/watch?v=jFLq190ehKs,Shriram Nisus,All Crops,All India,Hindi,NISU025PN,9
https://www.youtube.com/watch?v=_SI40f9FjZ4,Shriram Ankita,Okra,Rajasthan,Hindi,ANKI015VS,9
https://www.youtube.com/watch?v=TTEPc6KxL-g,Shriram Joso,Paddy,All India,Hindi,JOSO044CP,9
https://www.youtube.com/watch?v=lVZtV4wWi-Y&pp=0gcJCX4JAYcqIYzv,Shriram Speedkill,Paddy,All India,Hindi,SPEE047CP,9
https://www.youtube.com/watch?v=UWZ1Axq_wGE,Shriram 432,Paddy,All India,Hindi,#N/A,#N/A
https://www.youtube.com/watch?v=qzVWWBVYR_o,Shriram Super 252,Wheat,Punjab,Punjabi,S252003RW,9
https://www.youtube.com/watch?v=cDR3t3msozU,Shriram Super 252,Wheat,Punjab,Punjabi,S252003RW,9
https://www.youtube.com/watch?v=1tbZOMGNtQY,Shriram 8850,Bajra,Rajasthan,Hindi,8850002HY,9
https://youtube.com/shorts/J2p_8VSVluA?si=fcwoM9p2mhOntIOo,Shriram 371,Cotton,All India,Hindi,371X016HY,9
"बंपर उपज, दमदार पौधे और मुनाफे की गारंटी | श्रीराम सुपर 7711 धान बीज | Shriram Super 7711 Paddy Seed",Shriram Super 7711,Paddy,Uttar Pradesh,Hindi,7711006RP,9
"मजबूत रेशा, भरपूर टिंडे और बेमिसाल पैदावार – किसान की पहली पसंद Shriram 7211-II कपास बीज",Shriram 7211,Cotton,Madhya Pradesh,Hindi,#N/A,#N/A
https://youtube.com/shorts/mxnrdxC1n7o?si=Zh2dhm93KL_yPApR,Shriram 8870,Bajra,All India,Hindi,8870003HY,9
https://youtu.be/D71wRb_bLDc?si=JIP4qi1D-LnsjTLD,Shriram Super 4466,Paddy,West Bengal,Bengali,4466005RP,9
https://youtu.be/w-TYY9GBgd8?si=5OizsR_FbtUbNGtC,Shriram Super 4466,Paddy,West Bengal,Bengali,4466005RP,9
https://youtu.be/P3sTueafdLk?si=7DlE7bM96AciYkEm,Shriram Super 4466,Paddy,West Bengal,Bengali,4466005RP,9
https://youtu.be/aojDpjlkuFs?si=vrOe4vg6rtwksNwW,Shriram Super 4466,Paddy,Bihar,Hindi,4466005RP,9
श्रीराम सुपर 7711 धान बीज: जबरदस्त उपज की असली कहानी | Shriram Super 7711 Seeds,Shriram Super 7711,Paddy,Uttar Pradesh,Hindi,7711006RP,9
https://youtu.be/QOZGqKZ4Opc?si=rU2OAewwOwgGDvVu,Shriram 8860,Bajra,Rajasthan,Hindi,8860006HY,9
https://youtu.be/mNw4zhqhQg8?si=cplKoFr_YwOAfp07,Shriram 8866,Bajra,Rajasthan,Hindi,8866004HY,9
https://youtu.be/cEayTT23KkI?si=FPiuoXmLBQM17yQr,Shriram 9701,Maize,Rajasthan,Hindi,9701030HY,9
https://youtu.be/57C33An20Rg?si=jWmrYV3hiFAvJd_X,Shriram Super 4400,Paddy,Madhya Pradesh,Hindi,4400004RP,9
https://youtu.be/kbubdX8qiVI?si=ToZjaBbA9Pa2Gnsv,Shriram Super 4400,Paddy,Chhattisgarh,Hindi,4400004RP,9
https://youtu.be/OjCape8vVX4?si=R_bYHD6DjauGbwxB,Shriram Super 505,Paddy,Uttar Pradesh,Hindi,S505002RP,9
https://youtu.be/hHtgEX27G-A?si=AhWJvVejSHqyT60s,Shriram Ganga BG II,Cotton,Maharashtra,Marathi,GANG015HY,9
https://youtu.be/yvM64BHMNUw?si=yoG8VNWXERAkjBdj,Shriram Ganga BG II,Cotton,Maharashtra,Marathi,GANG015HY,9
https://youtu.be/amblyGlN-S8?si=vPYNgcGJPOCfaM3l,Shriram 9701,Maize,Madhya Pradesh,Hindi,9701030HY,9
https://youtu.be/_DLjtMkzEDU?si=ZASPQY4SYPRp5LBn,Shriram 9700,Maize,Madhya Pradesh,Hindi,9700032HY,9
https://youtu.be/qc1MRjlB8Lo?si=RVH_CogkzYVz1p0c,Shriram Reprozin,Cotton,Gujarat,Gujarati,REPR033PN,9
https://youtu.be/YiEteCTcMgY?si=jp1ktrnst7DhaS2y,Shriram Sprayit Cotton,Cotton,Gujarat,Gujarati,SPRC037PN,9
https://youtu.be/tiT-VJ9CxUM?si=5DYT0uQp-_SH_LrK,Shriram Bikuta,Cotton,Madhya Pradesh,Hindi,BIKU054CP,9
https://youtu.be/1XZMPlZ6Mcw?si=WIqPcVR2s4FFvb7U,Shriram Bikuta,Cotton,Rajasthan,Hindi,BIKU054CP,9
https://youtu.be/rCsKUx6vXh0?si=ZhnbU02hG6Ps-jpy,Shriram Picasol,All Crops,All India,Hindi,PICA027PN,9
https://youtu.be/xoz0S2X5d8E?si=Bn-Qyibrq9-jBhIY,Shriram Bikuta,Cotton,Rajasthan,Hindi,BIKU054CP,9
https://youtu.be/tUOTt-ArQOg?si=UYiJgkJC3BCwwNEL,Shriram Protobuz+,Cotton,Madhya Pradesh,Hindi,PROT031PN,9
https://youtu.be/UASZzQHhr1U?si=fpE99pJJUmV01mjN,Shriram Magnica,All Crops,All India,Hindi,MAGN020PN,9
https://youtu.be/L7po8T1eRE0?si=3Jhy2HmvufG1ZiDo,Shriram Bikuta,Cotton,Rajasthan,Hindi,BIKU054CP,9
https://youtu.be/hJX_l4l5n2U?si=uDgahSlSrvLZVGCM,Shriram Bikuta,Cotton,Rajasthan,Hindi,BIKU054CP,9
https://youtu.be/-c19gNUIsT8?si=bZ_JD4EPl0nUOIvL,Shriram Saisho,Cotton,Gujarat,Gujarati,SAIS055CP,9
https://youtu.be/zJhHpoxgVDc?si=N41RZYE4I25vnuKK,Shriram Picasol,All Crops,All India,Hindi,PICA027PN,9
https://youtu.be/ULZpEvRXvZs?si=hBH0srwCEoaoJCgk,Shriram Saisho,Cotton,Madhya Pradesh,Hindi,SAIS055CP,9
https://youtu.be/QOCX0wtc-uA?si=7_qKW93fW0UE80Ua,Shriram Saisho,"Paddy, Cotton",All India,Hindi,SAIS055CP,9
https://youtu.be/pNMPQvBGHhU,Shriram magnica,All Crops,All India,Hindi,MAGN020PN,9
https://youtu.be/o56cvICA-C4,Shriram Saisho,Cotton,Haryana,Hindi,SAIS055CP,9
https://youtu.be/ER34-B9cC8I,Shriram DRIPIT Pome - Grade I,All Crops,All India,Hindi,DRP1008PN,9
https://youtu.be/NgumqYhUQc8,Shriram Picasol,Apple,Himachal Pradesh,Hindi,PICA027PN,9
https://youtu.be/NK5TdEPbfyA,Shriram DRIPIT Pome - Grade I,Pomegranate,Maharashtra,Marathi,DRP1008PN,9
https://youtu.be/onzRzz6MFYQ,Shriram Saisho,Cotton,Haryana,Hindi,SAIS055CP,9
https://youtu.be/QgEHQ5nIaIY,Shriram Picasol,Apple,Himachal Pradesh,Hindi,PICA027PN,9
https://youtu.be/m4ds0nPCkmI,Shriram Picasol,Apple,Himachal Pradesh,Hindi,PICA027PN,9
https://youtube.com/shorts/6oASCuYdL7k?feature=share,Shriram Saisho,Cotton,Haryana,Hindi,SAIS055CP,9
https://youtu.be/mlgtqGTfLqk?si=A_YFSwffaGGSSznR,Shriram DRIPIT Pome - Grade I,Pomegranate,Maharashtra,Marathi,DRP1008PN,9
https://youtube.com/shorts/FbVY3JvrCb4?si=xEkalMA4tkHBrUxG,Shriram Sprayit Cotton,Cotton,Gujarat,Gujarati,SPRC037PN,9
https://youtube.com/shorts/G3xRPt4_BmA?si=YiTs8hoHecKnTw0Y,Shriram DRIPIT Pome - Grade I,Pomegranate,Maharashtra,Marathi,DRP1008PN,9
https://youtu.be/-ya_1se3IE0?si=MUTmjpV-T9A5BEXE,Shriram Picasol,Groundnut,Maharashtra,Marathi,PICA027PN,9
https://youtu.be/R5tdSq_GalM?si=NUj5cTnv7fm6JbBF,Shriram Saisho,Cotton,Maharashtra,Marathi,SAIS055CP,9
https://youtu.be/ywGRl2sNW0Y?si=G67IdHPUyKc0D4DR,Shriram Samridhi,Bittergourd,Haryana,Hindi,SAMR024VS,9
https://youtu.be/Y06jQk-x5po?si=iUy_-Kf6ONqRVsmD,Shriram 2110,Okra,Haryana,Hindi,2110018VS,9
https://youtu.be/W-AEa3Ud4B4?si=8M4jABGpZif9NJUx,Shriram Protobuz+,Groundnut,Rajasthan,Hindi,PROT031PN,9
https://youtu.be/_3L_GPYcKzw?si=R2TiRwbg13apZGYc,Shriram Dripit Vegetables - Grade I,Vegetable,Gujarat,Gujarati,DRV1010PN,9
https://youtu.be/06Ut0leU7YI?si=_ygwdCNDRcHd313l,Shriram Picasol,Banana,Maharashtra,Marathi,PICA027PN,9
https://youtube.com/shorts/GpLSmK_NKwU?si=yRIxtEO802QBS4vp,Shriram Saisho,Cotton,Gujarat,Gujarati,SAIS055CP,9
https://youtube.com/shorts/MtYmVagDnys?si=TZr16QpX_sPuyDwP,Shriram Picasol,Lemon,Maharashtra,Marathi,PICA027PN,9
https://youtu.be/ewuH3OWuZrM?si=__2nqNCdx9LEl5xB,Shriram Saisho,Cotton,Haryana,Hindi,SAIS055CP,9
,Shriram Maharaja,Chilli,Rajasthan,Hindi,MAHA001VS,9
https://youtu.be/ujeLlarbS7Q?si=DBkBwgOithXby5LA,Shriram Picasol,Groundnut,Rajasthan,Hindi,PICA027PN,9
https://youtu.be/76V_PH_2dc4?si=PS9Gzc4X_wwDFo4_,Shriram Chrone,Paddy,Punjab,Punjabi,CHRO050CP,9
https://youtu.be/QjW0ynKd8lU?si=CJl-Q6LRd2OlC06N,Shriram Zindrip,Paddy,Punjab,Punjabi,ZIND049PN,9
https://youtu.be/5YmjdHOWvKo?si=ON_0vJqjHqruJq5k,Shriram Dripit Vegetables - Grade I,Chilli,Madhya Pradesh,Hindi,DRV1010PN,9
https://youtu.be/Q3606WR3I9A?si=Nn7ixQJbvrB4vbIB,Shriram Protobuz+,Cotton,Gujarat,Gujarati,PROT031PN,9
https://youtu.be/8eJ33F_yvmk?si=JTXyCK-QmKp8lTqP,Shriram DRIPIT Pome - Grade I,Pomegranate,Maharashtra,Marathi,DRP1008PN,9
https://youtu.be/wcrm5rQLzd0?si=QXPCb9VDX-mSdpG7,Shriram DRIPIT Pome - Grade I,Pomegranate,Gujarat,Gujarati,DRP1008PN,9
https://youtu.be/yy8l3WVZ-QA?si=x9zqYamgBVJOQsMY,Shriram DRIPIT Pome - Grade I,Pomegranate,Karnataka,Kannada,DRP1008PN,9
https://youtu.be/IPb7Y9NmdeI?si=7S2g9l8tjfhrW3Fc,Shriram DRIPIT Pome - Grade I,Pomegranate,"Andhra Pradesh, Telangana",Telugu,DRP1008PN,9
https://youtu.be/76ziUV82M40?si=EDXle1wK6332Um91,Shriram 1666,Mustard,All India,Hindi,1666018HY,9
https://youtu.be/yy8l3WVZ-QA?si=2vvv5zoJeTtcqAiC,Shriram DRIPIT Grapes - Grade I,Grapes,All India,Hindi,DRG1005PN,9
https://youtu.be/LshUs13_gHI?si=ZsLuwjT-hDyqWuTX,Shriram DRIPIT Grapes - Grade I,Grapes,All India,Marathi,DRG1005PN,9
https://youtu.be/HPhGcRM9tqk?si=LkpvWchvgvoqX1Nd,Shriram 1666,Mustard,All India,Hindi,1666018HY,9
https://youtu.be/iUrV64PiTI8?si=nsVP0RIhZl-xIbD0,Shriram 1666,Mustard,Rajasthan,Hindi,1666018HY,9
https://youtu.be/QV5kkUszwZw?si=Xutt8hGmDH1Iks5E,Shriram DRIPIT Grapes - Grade I,Grapes,All India,Hindi,DRG1005PN,9
https://youtu.be/XAuASpkjdFA?si=KflNmsU766teI23D,Shriram 1666,Mustard,Rajasthan,Hindi,1666018HY,9
https://youtu.be/EGUKxRIiDYc?si=Uxo5I1wdrMZ9VaAH,Shriram 1666,Mustard,Rajasthan,Hindi,1666018HY,9
https://youtu.be/C5ABcSuMiHM?si=ppNjihYS3sHMv8qp,Shriram DRIPIT Grapes - Grade I,Grapes,Maharashtra,Marathi,DRG1005PN,9
https://youtu.be/g69exqF1R7s?si=BrnS0a6esvlpfHah,Shriram 1666,Mustard,Rajasthan,Hindi,1666018HY,9
https://youtu.be/-kBD9BOZeZQ?si=2J4qhZax-s5EWkKD,Shriram 1666,Mustard,Rajasthan,Hindi,1666018HY,9
https://youtu.be/9Vs31kTL_Os?si=v6GkD51yV-dKSnZf,Shriram DRIPIT Grapes - Grade I,Grapes,Maharashtra,Marathi,DRG1005PN,9
https://youtu.be/-Q0X5PHElIY?si=4omqLGatvThul7UG,Shriram Chrone,Paddy,"Andhra Pradesh, Telangana",Telugu,CHRO050CP,9
https://youtu.be/-Q0X5PHElIY?si=PdfcnGJxKOE2t81r,Shriram Chrone,Paddy,"Andhra Pradesh, Telangana",Telugu,CHRO050CP,9
https://youtu.be/nn-CsB4qJzs,Shriram Chrone,Paddy,"Andhra Pradesh, Telangana",Telugu,CHRO050CP,9
https://youtu.be/eIJ6AVttGMI?si=uXJVgzPFsQkckr5T,Shriram 1666,Mustard,Rajasthan,Hindi,1666018HY,9
https://youtu.be/eF0WBJiDtZg?si=ruDdimJjn40ziQQ-,Shriram Picasol,All Crops,Maharashtra,Marathi,PICA027PN,9
https://youtu.be/2S1xEyZjpn4?si=7DQ4XBbdy2eSpnj3,Shriram Picasol,All Crops,Gujarat,Gujarati,PICA027PN,9
https://youtu.be/_4FObVUdUSo?si=EmdA0W1xTQ3VOfxL,Shriram Picasol,All Crops,Punjab,Punjabi,PICA027PN,9
,Shriram Picasol,All Crops,"Andhra Pradesh, Telangana",Telugu,PICA027PN,9
,Shriram Picasol,All Crops,Karnataka,Kannada,PICA027PN,9
https://youtu.be/-RBp8VL92zY?si=KEMMB1IAqhy2Yy2V,Shriram 1666,Mustard,Haryana,Hindi,1666018HY,9
https://youtu.be/FzsyIyYaqkM?si=AjfhLwPsiMTmxY4C,Shriram DRIPIT Grapes - Grade I,Grapes,Maharashtra,Marathi,DRG1005PN,9
https://youtu.be/nknOv5kg2Bg?si=zxh85adB6RFhLEqO,Shriram Super 5-SR-05,Wheat,Madhya Pradesh,Hindi,SR05007RW,9
https://youtu.be/eF2eYKll6DA?si=LEsZc5yVI8bW82Iq,Shriram 1666,Mustard,Haryana,Hindi,1666018HY,9
,,,,,,0
https://youtu.be/Zhk94f4eURs?si=2ErQhrRxBjddyGCR,Shriram DRIPIT Grapes - Grade I,Grapes,Maharashtra,Marathi,DRG1005PN,9
https://youtu.be/N9CvBmxF3vc?si=TQ56ywtGoLP0uS4W,Shriram Super 5 SR 05,Wheat,Madhya Pradesh,Hindi,SR05007RW,9
https://youtu.be/u4t2BiQyaaw?si=iY1PFwL4gQUtuhHa,Shriram Super 5 SR 05,Wheat,Madhya Pradesh,Hindi,SR05007RW,9
https://youtu.be/j1IK7xR4n1Y?si=xZGk9zr0cYkaPp5E,Shriram Super 5 SR 05,Wheat,Madhya Pradesh,Hindi,SR05007RW,9
https://youtu.be/upden9Hhsio?si=uCyEElafV5NXCuKO,Shriram Super 5 SR 05,Wheat,Madhya Pradesh,Hindi,SR05007RW,9
https://youtu.be/am2RsIel-cg?si=W-G0vHeV63JzymCr,Shriram 8870,Bajra,Rajasthan,Hindi,8870003HY,9
https://youtube.com/shorts/tl65ggSOOqs?si=TDV9tMxv_lZmHgIm,Shriram 8866 Hybrid Bajra Seeds,Bajra,Rajasthan,Hindi,8860006HY,9
https://youtu.be/QtSSe_dueT8?si=1J08E-GEtr2x9__p,Shriram Super 5-SR-05,Wheat,Gujarat,Gujarati,SR05007RW,9
https://youtu.be/nLoV52tqlHw?si=VLlDjnYyXAS2oXM8,Shriram Super 1-SR-14,Wheat,Rajasthan,Marwadi,SR14006RW,9
https://youtu.be/ueEKqDBYjm8?si=h5MMFfDa6O0Ll0p6,Shriram 8860,Bajra,Rajasthan,Hindi,8860006HY,9
https://youtu.be/CeXQHOXa-3o?si=RawlcZgZLlhlRdm3,Shriram DripIT Pome,Pomegranate,Gujarat,Gujarati,DRP1008PN,9
https://youtu.be/VbxhlJHa9z4?si=gRqZgVTFP2AzIaqz,Shriram Super 1-SR-14,Wheat,Madhya Pradesh,Hindi,SR14006RW,9
https://youtu.be/Qhq-snebDZY?si=joqs6ewhFvQdLiTs,Shriram Super 1-SR-14,Wheat,Madhya Pradesh,Hindi,SR14006RW,9
https://youtu.be/3oxn2UMftqE?si=U2A6vO2O0hedYiWw,Shriram Super 1-SR-14,Wheat,Rajasthan,Hindi,SR14006RW,9
https://youtu.be/gbfNlNO_JAs?si=C63yHmbiVamRm9Y8,Shriram Super 5 SR 05,Wheat,Rajasthan,Hindi,SR05007RW,9
https://youtu.be/VbxhlJHa9z4?si=_-X-NEbCOxsaKiK5,Shriram Super 1-SR-14,Wheat,Madhya Pradesh,Hindi,SR14006RW,9
https://youtu.be/Qhq-snebDZY?si=jChxbsrmAYCTa881,Shriram Super 1-SR-14,Wheat,Madhya Pradesh,Hindi,SR14006RW,9
https://youtu.be/48z1OscGhZc?si=SUwZI8NpoUW25dZX,Shriram Super 5 SR 05,Wheat,Punjab,Punjabi,SR05007RW,9
https://youtu.be/WicjWo45rx0?si=HndLeb3iAKQQnxgT,Shriram Super 1-SR-14,Wheat,Madhya Pradesh,Hindi,SR14006RW,9
https://youtu.be/hPlkZD0okF0?si=lfyf3uXn9ZvcJhAO,Shriram Super 3-SR-72,Wheat,Uttar Pradesh,Hindi,SR72008RW,9
https://youtu.be/fayJYgXNTH8?si=TjaKOCS8KG29Jgvc,Shriram Super 5-SR-05,Wheat,All India,Hindi,SR05007RW,9
https://youtu.be/2H0_x0fWXP4?si=D5g6VwOKSJj05D-4,Shriram Super 1-SR-14,Wheat,Maharashtra,Marathi,SR14006RW,9
https://youtu.be/cb2tjJqXjV8?si=azsPMqQD88OQbmuK,Shriram Super 5-SR-05,Wheat,Madhya Pradesh,Hindi,SR05007RW,9
https://youtu.be/UOWAsUSapEE?si=lFo4NWaPm7rUnxDy,Shriram Super 1-SR-14,Wheat,Maharashtra,Marathi,SR14006RW,9
https://youtu.be/xTtFi3hkjyA?si=YVdpJb7d1qHVChgs,Shriram Super 5-SR-05,Wheat,Uttar Pradesh,Hindi,SR05007RW,9
https://youtu.be/wGFQqCRifVo?si=vcM0YHOPEuTKy52g,Shriram Super 5-SR-05,Wheat,Maharashtra,Marathi,SR05007RW,9
https://youtu.be/TCcpjplYH5c?si=JZcM5cJ3BDyZHKll,Shriram Super 5-SR-05,Wheat,Uttar Pradesh,Hindi,SR05007RW,9
https://youtu.be/S5_9log6cyQ?si=TyWM18JYZkDGiuJo,Shriram Super 5-SR-05,Wheat,Gujarat,Gujarati,SR05007RW,9
https://youtu.be/ighLJhSTW-4?si=AOy7_j84BeuQCDaU,Shriram Super 5-SR-05,Wheat,Gujarat,Gujarati,SR05007RW,9
https://youtu.be/Ghdwnj7CPSQ?si=c2FYfC315GU-r2dU,Shriram Super 5-SR-05,Wheat,Haryana,Hindi,SR05007RW,9
https://youtu.be/7JS9S1frfCg?si=nLcSjFmp__pzGw-X,Shriram Super 5-SR-05,Wheat,All India,Hindi,SR05007RW,9
https://youtu.be/vXgUP36ospo?si=pZJq1cDCWGBUu9Jb,Shriram Super 5-SR-05,Wheat,Chhattisgarh,Hindi,SR05007RW,9
https://youtu.be/_VkCMYTGaP4?si=jSY8vJE7oRjUfwoL,Shriram Super 5-SR-05,Wheat,Maharashtra,Marathi,SR05007RW,9
https://youtu.be/qfBWU_V4Z5w?si=dgpjwGPlzBGM6yOg,Shriram Super 5-SR-05,Wheat,Maharashtra,Hindi,SR05007RW,9
https://youtu.be/RS5rL9W9fwc?si=OOsciBd4kWed91to,Shriram Picasol,Tomato,Maharashtra,Marathi,PICA027PN,9
https://youtu.be/fvjWGg5DqaU?si=g5jO-YbjN9uPgMLz,Shriram Super 5-SR-05,Wheat,Rajasthan,Hindi,SR05007RW,9
https://youtu.be/Aerev3f1HIo?si=NDeBB1dBEeea0_oC,Shriram Magnica,Bitter Gourd,Maharashtra,Marathi,MAGN020PN,9
https://youtu.be/htBOIj4zQmk?si=lywn_qICJS32yo7r,Shriram Super 5-SR-05,Wheat,Maharashtra,Marathi,SR05007RW,9
https://youtu.be/UQpBY1JoKNU?si=xOODL2F4zamqLe7q,Shriram Saloni,Pea,Punjab,Punjabi,SALO046VS,9
https://youtu.be/tL1G7Xx6bLk?si=Rls8U_0W2GIo3YOP,Shriram Super 5-SR-05,Wheat,All India,Hindi,SR05007RW,9
https://youtu.be/GhEAoemQrD0?si=RofNTgtZjAKp8j-C,Shriram Picasol,Banana,Maharashtra,Marathi,PICA027PN,9
https://youtu.be/F09cVn7wHt4?si=YpBKzSqTb0ZprFJ3,Shriram Super 5-SR-05,Wheat,Chhattisgarh,Hindi,SR05007RW,9
https://youtu.be/LB1ViMdHiEo?si=e7T96lclbh0Ej0_y,Shriram Picasol,Banana,Maharashtra,Marathi,PICA027PN,9
https://youtu.be/q45WumOt71M?si=KFhUOdrZWMMs2flV,Shriram Super 5-SR-05,Wheat,Maharashtra,Marathi,SR05007RW,9
https://youtu.be/NS35gw2d4nA?si=1yuBJ__bTmK8fDyT,Shriram Super 5-SR-05,Wheat,Gujarat,Gujarati,SR05007RW,9
https://youtu.be/38J1lLUNGag?si=mxA6hFw4IzTMEm8M,Shriram Super 5-SR-05,Wheat,Chhattisgarh,Hindi,SR05007RW,9
https://youtu.be/d0mFS8_Qxoo?si=Gteu5Cs1atcmqSHn,Shriram Super 5-SR-05,Wheat,Maharashtra,Marathi,SR05007RW,9
https://youtu.be/FbURe9VlXrk?si=-zNGwsWp_4UTRour,Shriram Super 5-SR-05,Wheat,Bihar,Hindi,SR05007RW,9
https://youtube.com/shorts/Vbj9oO_YaQg?si=1KMpPCs44MKEjt8z,Shriram Super 5-SR-05,Wheat,All India,Hindi,SR05007RW,9
https://youtu.be/JTt-BAvzRUo?si=gH27U4_Fs5Pix91P,Shriram Jaivodaya,All Crops,All India,Hindi,JAIV069CP,9
https://youtube.com/shorts/jCxODGws1ks?si=J81QKrwFrDkXU_LA,Shriram Super 1-SR-14,Wheat,Rajasthan,Hindi,SR14006RW,9
https://youtu.be/7fianNIxcuA?si=7opdMuCFmIODr7Cx,Shriram Saloni,Pea,Rajasthan,Hindi,SALO046VS,9
https://youtu.be/T-Mwl4IOeg0?si=cbL3mb5k9hjmFmBf,Shriram Saloni,Pea,Rajasthan,Hindi,SALO046VS,9
https://youtu.be/EHmYeuKTH80?si=PSOZBKJVzV6fsFpl,Shriram Super 5-SR-05,Wheat,Bihar,Hindi,SR05007RW,9
https://youtu.be/BZ_JSfSnAtI?si=PK2yg7mEpAt6J7zH,Shriram Super 5-SR-05,Wheat,Bihar,Hindi,SR05007RW,9
https://youtu.be/IXd0auLRqxs?si=BOPzj4bPbdOGCoI_,Shriram Super 5-SR-05,Wheat,Bihar,Hindi,SR05007RW,9
https://youtu.be/NdECv9iYN6w?si=N2XNJ72y_dm1hTKp,Shriram Super 5-SR-05,Wheat,Bihar,Hindi,SR05007RW,9
https://youtu.be/N5Kpygn6yxA?si=pwoV19ZZrNWx3e_j,Shriram Super 5-SR-05,Wheat,Madhya Pradesh,Hindi,SR05007RW,9
https://youtu.be/ZjhZiB6C5kI?si=V8MqwIK_4PhLn4x1,Shriram Super 5-SR-05,Wheat,Maharashtra,Marathi,SR05007RW,9
https://youtu.be/0M_iawJdjKE?si=PPuoulQD8TUPGFdL,Shriram Super 5-SR-05,Wheat,Chhattisgarh,Hindi,SR05007RW,9
https://youtu.be/9lvoFoXWG6g?si=TtN1dlwSlQPQEdSb,Shriram Super 1-SR-14,Wheat,Madhya Pradesh,Hindi,SR14006RW,9
https://youtube.com/shorts/aqNw_uZMdIc?si=zgi3M9-7yZvF5xFP,Shriram 2110,Okra,Rajasthan,Hindi,2110018VS,9
https://youtube.com/shorts/JOkdQiFntX4?si=xMPEOOIZNIe-kGVB,Shriram 2110,Okra,Rajasthan,Hindi,2110018VS,9
https://youtu.be/x-GkRciJnYI?si=--kVD6HhWhpth_zV,Shriram DRIPIT Grapes - Grade I,Grapes,Karnataka,Kannada,DRG1005PN,9
https://youtube.com/shorts/OSvYmZckJ4E?si=Dfbln1LUWfr1L8VV,Shriram Super 1-SR-14,Wheat,Maharashtra,Marathi,SR14006RW,9
https://youtu.be/naVoXly8p6g?si=xRR4dTGG2plk-rlf,Shriram Magnica,All Crops,"Rajasthan, Madhya Pradesh, Chhattisgarh, Haryana, Himachal Pradesh, Uttar Pradesh",Hindi,MAGN020PN,9
https://youtu.be/c_1X5kmiDEs?si=tGe--SF5mcQudm5N,Shriram Magnica,All Crops,Maharashtra,Marathi,MAGN020PN,9
https://youtu.be/QXXzx8LixdY?si=AkH-PuqnRLSLduvn,Shriram Magnica,All Crops,"Telangana, Andhra Pradesh",Telugu,MAGN020PN,9
https://youtu.be/gW0lRkyLcWo?si=otEHUkR3Oe2aa9mS,Shriram Magnica,All Crops,Punjab,Punjabi,MAGN020PN,9
https://youtu.be/GqKmndVbblw?si=ePb48XtpSs0FzBie,Shriram Magnica,All Crops,Gujarat,Gujarati,MAGN020PN,9
https://youtube.com/shorts/s0nkGVOU8rw?si=k2yfpqbyv088z23Z,Shriram Super 5-SR-05,Wheat,Gujarat,Gujarati,SR05007RW,9
https://youtu.be/0ZKSRQCY_nU?si=2ms-H8fu6f7YOZbP,Shriram Zarwin,All Crops,Gujarat,,ZARW080CP,9
https://youtu.be/SydDTMHDHiI?si=cllvxcg8V8ZxWxnV,Shriram Aleksy,Cumin,Gujarat,Gujarati,ALEK024CP,9
https://youtu.be/GW_NWnzJST4?si=axUO_QPJJKLKXsjC,Shriram Protobuz+,Cumin,Gujarat,Gujarati,PROT031PN,9
https://youtube.com/shorts/decmFwuTQkc?si=1K7qwfJRAy0JHApW,Shriram Super 5-SR-05,Wheat,All India,Hindi,SR05007RW,9
https://youtu.be/BjHZH_RvhZY?si=LbnVQSa2muLI-GBV,Shriram 822,Cabbage,Punjab,Hindi,822X031VS,9
https://youtu.be/PAUbeG7s6KI?si=0ulIsfjN8iI9CxsK,Shriram DRIPIT Pome - Grade II,Pomegranate,Gujarat,Gujarati,DRP2009PN,9
https://youtu.be/Q2bpTwJwBTo?si=icZQrTcEHveu4h9H,Shriram Zarwin,"Potato, Tomato",Gujarat,Gujarati,ZARW080CP,9
https://youtube.com/shorts/CSyEyrY7Aww?si=4gI9LRy612wbCm0y,Shriram Dripit Vegetables - Grade II,All Crops,All India,Hindi,DRV2011PN,9
https://youtu.be/KiK8ZaK8ftU?si=AS-kxpiU8ev_0I_2,Shriram Maharaja,Chilli,Rajasthan,Hindi,MAHA001VS,9
https://youtu.be/7SqCUrDaASU?si=B2MDbiuURwFBhCmN,Shriram Prabhat,Tomato,Bihar,Hindi,PRAB072VS,9
https://youtu.be/t5Yo3wkgNBg?si=hJAp_nyHfs0L4AUp,Shriram Dripit Vegetables - Grade I,Capsicum,Rajasthan,Hindi,DRV1010PN,9
https://youtu.be/ZXVE1PF--pA?si=AnHLEMAHxEr-0YTa,Shriram Dripit Vegetables - Grade II,Capsicum,Rajasthan,Hindi,DRV2011PN,9
https://youtu.be/33GpKFDV-OA?si=anSKPl4uF6GDfP3i,Shriram 5501,Maize,Punjab,Punjabi,5501035HY,9
https://youtu.be/VsotbczDDKI?si=-5ml4nI-N_2C_2DY,Shriram Zarwin,Potato,Uttar Pradesh,Hindi,ZARW080CP,9
https://youtu.be/33GpKFDV-OA?si=anSKPl4uF6GDfP3i,Shriram 5501,Maize,Punjab,Punjabi,5501035HY,9
https://youtu.be/t5Yo3wkgNBg?si=7OOXSZcRbJoIPJSi,Shriram Dripit Vegetables - Grade I,Capsicum,Rajasthan,Hindi,DRV1010PN,9
https://youtu.be/VsotbczDDKI?si=-5ml4nI-N_2C_2DY,Shriram Zarwin,Potato,Uttar Pradesh,Hindi,ZARW080CP,9
https://youtu.be/ZXVE1PF--pA?si=pRtTF6zWyVHhOCLx,Shriram Dripit Vegetables - Grade II,Capsicum,Rajasthan,Hindi,DRV2011PN,9
https://youtu.be/t5Yo3wkgNBg?si=FA5_Oaz3fvn2yIf-,Shriram Dripit Vegetables - Grade II,Cucumber,Rajasthan,Hindi,DRV2011PN,9
https://youtu.be/khKgJRZ-9A8?si=L6rQ6k5umw5znbyC,Shriram Super 21SR31,Arhar,Madhya Pradesh,Hindi,21SR001PP,9
https://youtu.be/sq08Sdn7NOg?si=QIbxou518shsBIa3,Shriram 1616,Tomato,Himachal Pradesh,Hindi,1616013VS,9
https://youtu.be/x7KJwKxbBLg?si=EqjNpJ135UxpUFgV,Shriram Zarwin,Potato,Uttar Pradesh,Hindi,ZARW080CP,9
https://youtu.be/S2MwzDaJg3U?si=q25090vxRZU9FMNo,Shriram 1616,Tomato,Himachal Pradesh,Hindi,1616013VS,9
https://youtu.be/a1DWBsNe6QU?si=YLWyfXYqe7Ufrdkj,Shriram Zarwin,Potato,Uttar Pradesh,Hindi,ZARW080CP,9
https://youtu.be/EN51zEQIn8Y?si=gW87Rb0Eohfzr1SA,Shriram 5505,Maize,All India,Hindi,5505036HY,9
https://youtu.be/WXJBUKc2AYs?si=EZdcYVIhZdi9SnMS,Shriram 1616,Tomato,All India,Hindi,1616013VS,9
https://youtu.be/JSZIPUIQMtA?si=vWlTKh0MzyOY3wx5,Shriram Dripit Vegetables - Grade I,Cucumber,Haryana,Hindi,DRV1010PN,9
https://youtu.be/pdl8NgGAxBY?si=kmZ2kpBEcA_lU5Re,Shriram 5501,Maize,Uttar Pradesh,Hindi,5501035HY,9
https://youtu.be/7lgZXLe1wLI?si=KNfV96eEdkf_fn7S,Shriram Dripit Vegetables - Grade I,Watermelon,Haryana,Hindi,DRV1010PN,9
https://youtu.be/6vr_8zfPMPM?si=rURE-g7qPRxw4h8F,Shriram Protobuz+,Gram,"Madhya Pradesh, Rajasthan",Hindi,PROT031PN,9
https://youtu.be/znggl_sWVug?si=y_HOzEVzEExZ7XLW,Shriram Saloni,Pea,Rajasthan,Hindi,SALO046VS,9
https://youtu.be/wrdcYhIM4bM?si=F1sNlMligrQ_ot-l,Shriram Super 1-SR-14,Wheat,Rajasthan,Hindi,SR14006RW,9
https://youtu.be/lOapEqxxLtk?si=VuGlR6ydisAFLfBo,Shriram Dripit Vegetables - Grade I,Banana,Maharashtra,Marathi,DRV1010PN,9
https://youtu.be/YKTM5BgNiQE?si=G70kZt7taTLH86vQ,Shriram 456,Cauliflower,Bihar,Hindi,456X051VS,9
https://youtu.be/LhvVYvvy77E?si=VlahitsFvujYUN48,Shriram Dripit Vegetables - Grade II,Marigold,Maharashtra,Marathi,DRV2011PN,9
https://youtu.be/eWxmqelPT-8?si=wFXOeT8Bs0t4N42P,Shriram Zarwin,Potato,Gujarat,Gujarati,ZARW080CP,9
https://youtu.be/uK1ihAQDVMc?si=okfxzoIdP_wB5F-l,Shriram Dripit Vegetables - Grade I,Turmeric,Maharashtra,Marathi,DRV1010PN,9
https://youtu.be/FanD_SblQfM?si=FxIWmq4O2k5ocqN5,Shriram Dripit Vegetables - Grade II,Turmeric,Maharashtra,Marathi,DRV2011PN,9
https://youtu.be/2ycG4LZtQek?si=G_IxGHZqpMdfJHzy,Shriram Dripit Vegetables - Grade II,Turmeric,Maharashtra,Hindi,DRV2011PN,9
https://youtu.be/GKJvAhEDNVk?si=1bF-5Uhze5X5A4aF,Shriram Picasol,Banana,Maharashtra,Marathi,PICA027PN,9
https://youtu.be/WA6eUcaJI7Q?si=U_hSoOPlQQTjp-q7,Shriram Super 3-SR-72,Wheat,Uttar Pradesh,Hindi,SR72008RW,9
https://youtube.com/shorts/XUmCYdiW-tE?si=Z7Y3lDReaoEGToWW,Shriram Super 5-SR-05,Wheat,Gujarat,Gujarati,SR05007RW,9
https://youtu.be/y-ziBhUkmgI?si=WTEGZwN8Tn-WNv36,Shriram Dripit Vegetables - Grade II,Watermelon,Haryana,Hindi,DRV2011PN,9
https://youtu.be/jBruPAoxPzg?si=1GkumjPALlNOQvpZ,Shriram Super 5-SR-05,Wheat,Punjab,Punjabi,SR05007RW,9
https://youtube.com/shorts/3plOgOn_kEE?si=VlwKRvViELncynbF,Shriram 371,Cotton,"Punjab, Haryana",Hindi,371X016HY,9
,,,,,,
,,,,,,
,,,,,,
,,,,,,
,,,,,,
,,,,,,
,,,,,,
,,,,,,
,,,,,,
,,,,,,
,,,,,,
,,,,,,
,,,,,,
,,,,,,
,,,,,,
,,,,,,
,,,,,,
,,,,,,
,,,,,,
,,,,,,
,,,,,,
,,,,,,
,,,,,,
,,,,,,
,,,,,,
,,,,,,
,,,,,,
,,,,,,
,,,,,,
,,,,,,
,,,,,,
,,,,,,
,,,,,,
,,,,,,
,,,,,,
,,,,,,
,,,,,,
,,,,,,
,,,,,,
,,,,,,
,,,,,,
,,,,,,
,,,,,,
,,,,,,
,,,,,,
,,,,,,
,,,,,,
,,,,,,
,,,,,,
,,,,,,
,,,,,,
,,,,,,
,,,,,,
,,,,,,
,,,,,,
,,,,,,
,,,,,,
,,,,,,
,,,,,,
,,,,,,
,,,,,,
,,,,,,
,,,,,,
,,,,,,
,,,,,,
,,,,,,
,,,,,,
,,,,,,
,,,,,,
,,,,,,
,,,,,,
,,,,,,
,,,,,,
,,,,,,
,,,,,,
,,,,,,
,,,,,,
,,,,,,
,,,,,,
,,,,,,
,,,,,,
,,,,,,
,,,,,,
,,,,,,
,,,,,,
,,,,,,
,,,,,,
,,,,,,
,,,,,,
,,,,,,
,,,,,,
,,,,,,
,,,,,,
,,,,,,
,,,,,,
,,,,,,
,,,,,,
,,,,,,
,,,,,,
,,,,,,
,,,,,,
,,,,,,
,,,,,,
,,,,,,
,,,,,,
,,,,,,
,,,,,,
,,,,,,
,,,,,,
,,,,,,
,,,,,,
,,,,,,
,,,,,,
,,,,,,
,,,,,,
,,,,,,
,,,,,,
,,,,,,
,,,,,,
,,,,,,
,,,,,,
,,,,,,
,,,,,,
,,,,,,
,,,,,,
,,,,,,
,,,,,,
,,,,,,
,,,,,,
,,,,,,
,,,,,,
,,,,,,
,,,,,,
,,,,,,
,,,,,,
,,,,,,
,,,,,,
,,,,,,
,,,,,,
,,,,,,
,,,,,,
,,,,,,
,,,,,,
,,,,,,
,,,,,,
,,,,,,
,,,,,,
,,,,,,
,,,,,,
,,,,,,
,,,,,,
,,,,,,
,,,,,,
,,,,,,
,,,,,,
,,,,,,
,,,,,,
,,,,,,
,,,,,,
,,,,,,
,,,,,,
,,,,,,
,,,,,,
,,,,,,
,,,,,,
,,,,,,
,,,,,,
,,,,,,
,,,,,,
,,,,,,
,,,,,,
,,,,,,
,,,,,,
,,,,,,
,,,,,,
,,,,,,
,,,,,,
,,,,,,
,,,,,,
,,,,,,
,,,,,,
,,,,,,
,,,,,,
,,,,,,
,,,,,,
,,,,,,
,,,,,,
,,,,,,
,,,,,,
,,,,,,
,,,,,,
,,,,,,
,,,,,,
,,,,,,
,,,,,,
,,,,,,
,,,,,,
,,,,,,
,,,,,,
,,,,,,
,,,,,,
,,,,,,
,,,,,,
,,,,,,
,,,,,,
,,,,,,
,,,,,,
,,,,,,
,,,,,,
,,,,,,
,,,,,,
,,,,,,
,,,,,,
,,,,,,
,,,,,,
,,,,,,
,,,,,,
,,,,,,
,,,,,,
,,,,,,
,,,,,,
,,,,,,
,,,,,,
,,,,,,
,,,,,,
,,,,,,
,,,,,,
,,,,,,
,,,,,,
,,,,,,
,,,,,,
,,,,,,
,,,,,,
,,,,,,
,,,,,,
,,,,,,
,,,,,,
,,,,,,
,,,,,,
,,,,,,
,,,,,,
,,,,,,
,,,,,,
,,,,,,
,,,,,,
,,,,,,
,,,,,,
,,,,,,
,,,,,,
,,,,,,
,,,,,,
,,,,,,
,,,,,,
,,,,,,
,,,,,,
,,,,,,
,,,,,,
,,,,,,
,,,,,,
,,,,,,
,,,,,,
,,,,,,
,,,,,,
,,,,,,
,,,,,,
,,,,,,
,,,,,,
,,,,,,
,,,,,,
,,,,,,
,,,,,,
,,,,,,
,,,,,,
,,,,,,
,,,,,,
,,,,,,
,,,,,,
,,,,,,
,,,,,,
,,,,,,
,,,,,,
,,,,,,
,,,,,,
,,,,,,
,,,,,,
,,,,,,
,,,,,,
,,,,,,
,,,,,,
,,,,,,
,,,,,,
,,,,,,
,,,,,,
,,,,,,
,,,,,,
,,,,,,
,,,,,,
,,,,,,
,,,,,,
,,,,,,
,,,,,,
,,,,,,
,,,,,,
,,,,,,
,,,,,,
,,,,,,
,,,,,,
,,,,,,
,,,,,,
,,,,,,
,,,,,,
,,,,,,
,,,,,,
,,,,,,
,,,,,,
,,,,,,
,,,,,,
,,,,,,
,,,,,,
,,,,,,
,,,,,,
,,,,,,
,,,,,,
,,,,,,
,,,,,,
,,,,,,
,,,,,,
,,,,,,
,,,,,,
,,,,,,
,,,,,,
